flyer_id,parent_company,banner,region,representative_store_id,week_start,week_end,metadata_source,metadata_confidence,source_file,page_number,offer_index_on_page,raw_offer_text,raw_product_text,brand_text,product_description,raw_price_text,advertised_price,package_text,package_size_min,package_size_max,package_unit,price_basis,promo_text,promo_type_guess,availability_type_guess,price_role_guess,validity_text,layout_type,bbox_x_min,bbox_y_min,bbox_x_max,bbox_y_max,visual_confidence,product_name_confidence,price_confidence,package_confidence,promo_confidence,has_rewards_points_badge,requires_visual_recheck,visual_recheck_reason,verified_by_crop_pass,verified_raw_product_text,verified_raw_price_text,verified_advertised_price,verified_package_text,verified_package_size_min,verified_package_size_max,verified_package_unit,verified_price_basis,verified_promo_text,verified_promo_type,verification_confidence,price_verification_confidence,package_verification_confidence,verification_notes,original_raw_product_text,original_raw_price_text,original_advertised_price,original_package_text,original_package_size_min,original_package_size_max,original_package_unit,original_price_basis,original_promo_type_guess,needs_review,review_reasons,extraction_reason
Safeway_2026-06-17_safeway_6-17_-_6-23,Albertsons,Safeway,bay_area,,2026-06-17,2026-06-23,manifest,high,safeway 6-17 - 6-23.pdf,1,1,"Personal Seedless Watermelon, Cantaloupe or Honeydew BUY 1 GET 1 FREE EQUAL OR LESSER VALUE MEMBER PRICE","Personal Seedless Watermelon, Cantaloupe or Honeydew",,,BUY 1 GET 1 FREE MEMBER PRICE,,,,,,bogo,BUY 1 GET 1 FREE EQUAL OR LESSER VALUE MEMBER PRICE,buy_x_get_y,full_week,promo_price,,front_page_hero,0.01,0.08,0.33,0.23,0.98,0.98,0.85,0.7,0.98,False,False,,False,,,,,,,,,,,,,,,,,,,,,,,,True,missing_or_unclear_price|missing_package_size,BOGO produce hero offer
Safeway_2026-06-17_safeway_6-17_-_6-23,Albertsons,Safeway,bay_area,,2026-06-17,2026-06-23,manifest,high,safeway 6-17 - 6-23.pdf,1,2,Taylor Farms Chopped Salad Kit or Fresh Express Chopped Salad Kit 9.8-13.1 oz 3.99 EA MEMBER PRICE,Taylor Farms Chopped Salad Kit or Fresh Express Chopped Salad Kit,"Taylor Farms, Fresh Express",,3.99 EA MEMBER PRICE,3.99,9.8-13.1 oz,9.8,13.1,oz,each,MEMBER PRICE,member_price,full_week,promo_price,,front_page_hero,0.01,0.23,0.33,0.32,0.98,0.98,0.98,0.98,0.98,False,False,,False,,,,,,,,,,,,,,,,,,,,,,,,False,,Salad kit hero offer
Safeway_2026-06-17_safeway_6-17_-_6-23,Albertsons,Safeway,bay_area,,2026-06-17,2026-06-23,manifest,high,safeway 6-17 - 6-23.pdf,1,3,Red Cherries 2.99 LB MEMBER PRICE,Red Cherries,,,2.99 LB MEMBER PRICE,2.99,,,,,per_lb,MEMBER PRICE,member_price,full_week,promo_price,,front_page_hero,0.33,0.08,0.55,0.23,0.99,0.99,0.99,0.7,0.99,False,False,,False,,,,,,,,,,,,,,,,,,,,,,,,True,missing_package_size,Produce hero offer
Safeway_2026-06-17_safeway_6-17_-_6-23,Albertsons,Safeway,bay_area,,2026-06-17,2026-06-23,manifest,high,safeway 6-17 - 6-23.pdf,1,4,Sweet Corn 8/$4 FOR 8 MEMBER PRICE,Sweet Corn,,,8/$4 FOR 8 MEMBER PRICE,4.0,8 for,8.0,8.0,count,multi_buy,MEMBER PRICE,multi_buy,full_week,promo_price,,points_promo_block,0.56,0.08,0.73,0.18,0.97,0.97,0.97,0.95,0.97,False,False,,False,,,,,,,,,,,,,,,,,,,,,,,,False,,Produce multi-buy offer
Safeway_2026-06-17_safeway_6-17_-_6-23,Albertsons,Safeway,bay_area,,2026-06-17,2026-06-23,manifest,high,safeway 6-17 - 6-23.pdf,1,5,USDA Choice Boneless Beef Tri Tip Roast Untrimmed Twin Pack 5.99 LB MEMBER PRICE,USDA Choice Boneless Beef Tri Tip Roast Untrimmed Twin Pack,,Untrimmed Twin Pack,5.99 LB MEMBER PRICE,5.99,,,,,per_lb,MEMBER PRICE,member_price,full_week,promo_price,,front_page_hero,0.01,0.33,0.33,0.45,0.98,0.98,0.98,0.7,0.98,False,False,,False,,,,,,,,,,,,,,,,,,,,,,,,True,missing_package_size,Meat hero offer
Safeway_2026-06-17_safeway_6-17_-_6-23,Albertsons,Safeway,bay_area,,2026-06-17,2026-06-23,manifest,high,safeway 6-17 - 6-23.pdf,1,6,Lobster Tail 3-4 oz Previously Frozen 5.99 EA MEMBER PRICE,Lobster Tail,,Previously Frozen,5.99 EA MEMBER PRICE,5.99,3-4 oz,3.0,4.0,oz,each,MEMBER PRICE,member_price,full_week,promo_price,,front_page_hero,0.33,0.23,0.55,0.32,0.98,0.98,0.98,0.98,0.98,False,False,,False,,,,,,,,,,,,,,,,,,,,,,,,False,,Seafood hero offer
Safeway_2026-06-17_safeway_6-17_-_6-23,Albertsons,Safeway,bay_area,,2026-06-17,2026-06-23,manifest,high,safeway 6-17 - 6-23.pdf,1,7,Signature SELECT 90% Lean Ground Beef VALUE PACK 6.99 LB MEMBER PRICE,Signature SELECT 90% Lean Ground Beef,Signature SELECT,VALUE PACK,6.99 LB MEMBER PRICE,6.99,,,,,per_lb,MEMBER PRICE,member_price,full_week,promo_price,,front_page_hero,0.33,0.33,0.55,0.45,0.98,0.98,0.98,0.7,0.98,False,False,,False,,,,,,,,,,,,,,,,,,,,,,,,True,missing_package_size,Meat hero offer
Safeway_2026-06-17_safeway_6-17_-_6-23,Albertsons,Safeway,bay_area,,2026-06-17,2026-06-23,manifest,high,safeway 6-17 - 6-23.pdf,1,8,New York Style Sausage Italian Sausage or Haywood Sausage Haywood National Hot Dogs or Polish Sausage 4.99 MEMBER PACK,New York Style Sausage Italian Sausage or Haywood Sausage Haywood National Hot Dogs or Polish Sausage,"New York Style Sausage, Haywood Sausage, Haywood National",,4.99 MEMBER PACK,4.99,,,,,per_pack,MEMBER PACK,member_price,full_week,promo_price,,points_promo_block,0.74,0.18,0.99,0.27,0.96,0.96,0.96,0.7,0.96,False,False,,False,,,,,,,,,,,,,,,,,,,,,,,,True,missing_package_size,Sausage/hot dog points rail offer
Safeway_2026-06-17_safeway_6-17_-_6-23,Albertsons,Safeway,bay_area,,2026-06-17,2026-06-23,manifest,high,safeway 6-17 - 6-23.pdf,1,9,"Waterfront Bistro Shrimp 16-20 ct, 16 oz Frozen 6.99 MEMBER PACK",Waterfront Bistro Shrimp,Waterfront Bistro,,6.99 MEMBER PACK,6.99,"16-20 ct, 16 oz",16.0,20.0,count,per_pack,MEMBER PACK,member_price,full_week,promo_price,,points_promo_block,0.74,0.27,0.99,0.36,0.96,0.96,0.96,0.96,0.96,False,False,,False,,,,,,,,,,,,,,,,,,,,,,,,False,,Seafood points rail offer
Safeway_2026-06-17_safeway_6-17_-_6-23,Albertsons,Safeway,bay_area,,2026-06-17,2026-06-23,manifest,high,safeway 6-17 - 6-23.pdf,1,10,"Modelo, Corona, Pacifico, Sierra Nevada or Heineken 12 Pack, 12 oz Bottles or Cans 13.88 EA MEMBER PRICE","Modelo, Corona, Pacifico, Sierra Nevada or Heineken 12 Pack, 12 oz Bottles or Cans","Modelo, Corona, Pacifico, Sierra Nevada, Heineken","12 Pack, 12 oz Bottles or Cans",13.88 EA MEMBER PRICE,13.88,"12 Pack, 12 oz Bottles or Cans",12.0,12.0,count,per_pack,MEMBER PRICE,member_price,full_week,promo_price,,front_page_hero,0.01,0.46,0.33,0.54,0.97,0.97,0.97,0.97,0.97,False,False,,False,,,,,,,,,,,,,,,,,,,,,,,,False,excluded_category,Beer hero offer
Safeway_2026-06-17_safeway_6-17_-_6-23,Albertsons,Safeway,bay_area,,2026-06-17,2026-06-23,manifest,high,safeway 6-17 - 6-23.pdf,1,11,Dave's Killer Bagels or English Muffins or Thomas' Sliced Bread 20-28 oz Selected varieties 4.99 MEMBER PRICE,Dave's Killer Bagels or English Muffins or Thomas' Sliced Bread,"Dave's Killer, Thomas'",Selected varieties,4.99 MEMBER PRICE,4.99,20-28 oz,20.0,28.0,oz,each,MEMBER PRICE,member_price,full_week,promo_price,,front_page_hero,0.01,0.55,0.33,0.62,0.97,0.97,0.97,0.97,0.97,False,False,,False,,,,,,,,,,,,,,,,,,,,,,,,False,,Bakery hero offer
Safeway_2026-06-17_safeway_6-17_-_6-23,Albertsons,Safeway,bay_area,,2026-06-17,2026-06-23,manifest,high,safeway 6-17 - 6-23.pdf,1,12,Yoplait Yogurt or Protein Yogurt 4-6 oz Selected varieties 39¢ EA MEMBER PRICE,Yoplait Yogurt or Protein Yogurt,Yoplait,Selected varieties,39¢ EA MEMBER PRICE,0.39,4-6 oz,4.0,6.0,oz,each,MEMBER PRICE,member_price,full_week,promo_price,,front_page_hero,0.33,0.55,0.55,0.62,0.97,0.97,0.97,0.97,0.97,False,False,,False,,,,,,,,,,,,,,,,,,,,,,,,False,,Yogurt hero offer
Safeway_2026-06-17_safeway_6-17_-_6-23,Albertsons,Safeway,bay_area,,2026-06-17,2026-06-23,manifest,high,safeway 6-17 - 6-23.pdf,1,13,Signature SELECT Sandwich or Skippy Peanut Butter 15-16.3 oz 99¢ EA MEMBER PRICE,Signature SELECT Sandwich or Skippy Peanut Butter,"Signature SELECT, Skippy",,99¢ EA MEMBER PRICE,0.99,15-16.3 oz,15.0,16.3,oz,each,MEMBER PRICE,member_price,full_week,promo_price,,points_promo_block,0.74,0.36,0.99,0.45,0.96,0.96,0.96,0.96,0.96,False,False,,False,,,,,,,,,,,,,,,,,,,,,,,,False,,Peanut butter points rail offer
Safeway_2026-06-17_safeway_6-17_-_6-23,Albertsons,Safeway,bay_area,,2026-06-17,2026-06-23,manifest,high,safeway 6-17 - 6-23.pdf,1,14,"Quaker Chewy Granola Bars 5-8 ct, Cap'n Crunch or Life Cereal 13-18 oz Instant Oatmeal 6-14 ct Selected varieties 1.99 EA MEMBER PRICE","Quaker Chewy Granola Bars 5-8 ct, Cap'n Crunch or Life Cereal 13-18 oz Instant Oatmeal 6-14 ct","Quaker, Cap'n Crunch, Life",Selected varieties,1.99 EA MEMBER PRICE,1.99,"5-8 ct, 13-18 oz, 6-14 ct",5.0,18.0,count/oz,each,MEMBER PRICE; Earn 4X Points,member_price,full_week,promo_price,,coupon_grid_offer,0.01,0.63,0.33,0.7,0.97,0.97,0.97,0.95,0.97,True,False,,False,,,,,,,,,,,,,,,,,,,,,,,,False,,Cereal/snack coupon grid offer
Safeway_2026-06-17_safeway_6-17_-_6-23,Albertsons,Safeway,bay_area,,2026-06-17,2026-06-23,manifest,high,safeway 6-17 - 6-23.pdf,1,15,"Ruffles, Doritos, SunChips or PopCorners 4.5-8.25 oz Selected varieties 2.49 EA MEMBER PRICE","Ruffles, Doritos, SunChips or PopCorners","Ruffles, Doritos, SunChips, PopCorners",Selected varieties,2.49 EA MEMBER PRICE,2.49,4.5-8.25 oz,4.5,8.25,oz,each,MEMBER PRICE; Earn 4X Points,member_price,full_week,promo_price,,coupon_grid_offer,0.33,0.63,0.55,0.7,0.97,0.97,0.97,0.97,0.97,True,False,,False,,,,,,,,,,,,,,,,,,,,,,,,False,,Chips coupon grid offer
Safeway_2026-06-17_safeway_6-17_-_6-23,Albertsons,Safeway,bay_area,,2026-06-17,2026-06-23,manifest,high,safeway 6-17 - 6-23.pdf,1,16,Barilla Pasta 12-16 oz Selected varieties 4/$5 MEMBER PRICE,Barilla Pasta,Barilla,Selected varieties,4/$5 MEMBER PRICE,5.0,12-16 oz,12.0,16.0,oz,multi_buy,MEMBER PRICE,multi_buy,full_week,promo_price,,coupon_grid_offer,0.56,0.63,0.73,0.7,0.97,0.97,0.97,0.97,0.97,False,False,,False,,,,,,,,,,,,,,,,,,,,,,,,False,,Pasta coupon grid offer
Safeway_2026-06-17_safeway_6-17_-_6-23,Albertsons,Safeway,bay_area,,2026-06-17,2026-06-23,manifest,high,safeway 6-17 - 6-23.pdf,1,17,"Pepsi 12 Pack, 12 oz cans, 6 Pack, 16.9 oz bottles, Pepsi 100oz bottle, Lipton Tea 64 oz, Pure Leaf Tea 59 oz, Gatorade 8 pack, 20 oz 5.99 EA MEMBER PRICE","Pepsi 12 Pack, 12 oz cans, 6 Pack, 16.9 oz bottles, Pepsi 100oz bottle, Lipton Tea 64 oz, Pure Leaf Tea 59 oz, Gatorade 8 pack, 20 oz","Pepsi, Lipton, Pure Leaf, Gatorade",,5.99 EA MEMBER PRICE,5.99,"12 Pack, 12 oz cans, 6 Pack, 16.9 oz bottles, 100 oz bottle, 64 oz, 59 oz, 8 pack, 20 oz",6.0,100.0,count/oz,each,MEMBER PRICE,member_price,full_week,promo_price,,coupon_grid_offer,0.56,0.71,0.73,0.78,0.97,0.97,0.97,0.95,0.97,False,False,,False,,,,,,,,,,,,,,,,,,,,,,,,False,,Beverage coupon grid offer
Safeway_2026-06-17_safeway_6-17_-_6-23,Albertsons,Safeway,bay_area,,2026-06-17,2026-06-23,manifest,high,safeway 6-17 - 6-23.pdf,1,18,"Lucerne® Sliced Cheese 6-8 oz, Lucerne® Shredded Cheese 5-8 oz 5.99 EA MEMBER PRICE","Lucerne Sliced Cheese 6-8 oz, Lucerne Shredded Cheese 5-8 oz",Lucerne,,5.99 EA MEMBER PRICE,5.99,"6-8 oz, 5-8 oz",5.0,8.0,oz,each,MEMBER PRICE; Earn 4X Points,member_price,full_week,promo_price,,points_promo_block,0.74,0.45,0.99,0.54,0.96,0.96,0.96,0.96,0.96,True,False,,False,,,,,,,,,,,,,,,,,,,,,,,,False,,Cheese points rail offer
Safeway_2026-06-17_safeway_6-17_-_6-23,Albertsons,Safeway,bay_area,,2026-06-17,2026-06-23,manifest,high,safeway 6-17 - 6-23.pdf,1,19,"Chips Ahoy! Cookies 7-13 oz, Nabisco Snack Crackers 3.5-9.1 oz, Triscuit Crackers 7-8.5 oz, Kettle Potato Chips 5-8.5 oz 2.99 EA MEMBER PRICE","Chips Ahoy! Cookies 7-13 oz, Nabisco Snack Crackers 3.5-9.1 oz, Triscuit Crackers 7-8.5 oz, Kettle Potato Chips 5-8.5 oz","Chips Ahoy!, Nabisco, Triscuit, Kettle",,2.99 EA MEMBER PRICE,2.99,"7-13 oz, 3.5-9.1 oz, 7-8.5 oz, 5-8.5 oz",3.5,13.0,oz,each,MEMBER PRICE; Earn 4X Points,member_price,full_week,promo_price,,points_promo_block,0.74,0.63,0.99,0.7,0.96,0.96,0.96,0.96,0.96,True,False,,False,,,,,,,,,,,,,,,,,,,,,,,,False,,Snack points rail offer
Safeway_2026-06-17_safeway_6-17_-_6-23,Albertsons,Safeway,bay_area,,2026-06-17,2026-06-23,manifest,high,safeway 6-17 - 6-23.pdf,2,0,Honeycrisp Apples 2.99 lb Member Price,Honeycrisp Apples,,,2.99 lb Member Price,2.99,,,,,per_lb,Member Price; Earn 4X Points,member_price,full_week,promo_price,,points_promo_block,0.01,0.09,0.18,0.17,0.98,1.0,1.0,0.8,1.0,True,False,,False,,,,,,,,,,,,,,,,,,,,,,,,False,,Sidebar points promo with clear price and product
Safeway_2026-06-17_safeway_6-17_-_6-23,Albertsons,Safeway,bay_area,,2026-06-17,2026-06-23,manifest,high,safeway 6-17 - 6-23.pdf,2,1,Boar's Head Thick Cut Bacon 8.99 Member Price,Boar's Head Thick Cut Bacon,Boar's Head,Thick Cut Bacon,8.99 Member Price,8.99,,,,,per_pack,Member Price; Earn 4X Points,member_price,full_week,promo_price,,points_promo_block,0.01,0.18,0.18,0.25,0.97,1.0,1.0,0.7,1.0,True,False,,False,,,,,,,,,,,,,,,,,,,,,,,,True,missing_package_size,Sidebar points promo with clear price and product
Safeway_2026-06-17_safeway_6-17_-_6-23,Albertsons,Safeway,bay_area,,2026-06-17,2026-06-23,manifest,high,safeway 6-17 - 6-23.pdf,2,2,Fage Greek Yogurt 4.5 oz 10/$5 Member Price,Fage Greek Yogurt,Fage,Greek Yogurt,4.5 oz 10/$5 Member Price,0.5,4.5 oz,4.5,4.5,oz,multi_buy,10/$5 Member Price; Earn 4X Points,multi_buy,full_week,promo_price,,points_promo_block,0.01,0.26,0.18,0.32,0.98,1.0,1.0,1.0,1.0,True,False,,False,,,,,,,,,,,,,,,,,,,,,,,,False,,Sidebar points promo with clear price and product
Safeway_2026-06-17_safeway_6-17_-_6-23,Albertsons,Safeway,bay_area,,2026-06-17,2026-06-23,manifest,high,safeway 6-17 - 6-23.pdf,2,3,Halo Top Ice Cream 2.57 Member Price,Halo Top Ice Cream,Halo Top,Ice Cream,2.57 Member Price,2.57,,,,,per_pack,Member Price; Earn 4X Points,member_price,full_week,promo_price,,points_promo_block,0.01,0.33,0.18,0.39,0.97,1.0,1.0,0.7,1.0,True,False,,False,,,,,,,,,,,,,,,,,,,,,,,,True,missing_package_size,Sidebar points promo with clear price and product
Safeway_2026-06-17_safeway_6-17_-_6-23,Albertsons,Safeway,bay_area,,2026-06-17,2026-06-23,manifest,high,safeway 6-17 - 6-23.pdf,2,4,Red Bull 4 pk 9.99 Member Price,Red Bull,Red Bull,,4 pk 9.99 Member Price,9.99,4 pk,4.0,4.0,pk,per_pack,Member Price; Earn 4X Points,member_price,full_week,promo_price,,points_promo_block,0.01,0.4,0.18,0.47,0.97,1.0,1.0,1.0,1.0,True,False,,False,,,,,,,,,,,,,,,,,,,,,,,,False,,Sidebar points promo with clear price and product
Safeway_2026-06-17_safeway_6-17_-_6-23,Albertsons,Safeway,bay_area,,2026-06-17,2026-06-23,manifest,high,safeway 6-17 - 6-23.pdf,2,5,Lay's Potato Chips or Kettle Cooked Chips BUY 1 GET 1 FREE Member Price,Lay's Potato Chips or Kettle Cooked Chips,Lay's,Potato Chips or Kettle Cooked Chips,BUY 1 GET 1 FREE Member Price,,,,,,bogo,BUY 1 GET 1 FREE Member Price; Earn 4X Points,buy_x_get_y,full_week,promo_price,,points_promo_block,0.01,0.48,0.18,0.55,0.97,1.0,0.5,0.5,1.0,True,False,,False,,,,,,,,,,,,,,,,,,,,,,,,True,missing_or_unclear_price|missing_package_size,Sidebar points promo with BOGO offer
Safeway_2026-06-17_safeway_6-17_-_6-23,Albertsons,Safeway,bay_area,,2026-06-17,2026-06-23,manifest,high,safeway 6-17 - 6-23.pdf,2,6,McCormick Black Pepper or Lawry's Garlic Powder 3.99 Member Price,McCormick Black Pepper or Lawry's Garlic Powder,"McCormick, Lawry's",Black Pepper or Garlic Powder,3.99 Member Price,3.99,,,,,per_pack,Member Price; Earn 4X Points,member_price,full_week,promo_price,,points_promo_block,0.01,0.56,0.18,0.63,0.97,1.0,1.0,0.5,1.0,True,False,,False,,,,,,,,,,,,,,,,,,,,,,,,True,missing_package_size,Sidebar points promo with clear price and product
Safeway_2026-06-17_safeway_6-17_-_6-23,Albertsons,Safeway,bay_area,,2026-06-17,2026-06-23,manifest,high,safeway 6-17 - 6-23.pdf,2,7,Kingsford Charcoal 15.99 Member Price,Kingsford Charcoal,Kingsford,Charcoal,15.99 Member Price,15.99,,,,,per_pack,Member Price; Earn 4X Points,member_price,full_week,promo_price,,points_promo_block,0.01,0.64,0.18,0.71,0.97,1.0,1.0,0.5,1.0,True,False,,False,,,,,,,,,,,,,,,,,,,,,,,,True,missing_package_size,Sidebar points promo with clear price and product
Safeway_2026-06-17_safeway_6-17_-_6-23,Albertsons,Safeway,bay_area,,2026-06-17,2026-06-23,manifest,high,safeway 6-17 - 6-23.pdf,2,8,USDA Choice Boneless Beef Tri Tip Steak 9.99 lb Member Price,USDA Choice Boneless Beef Tri Tip Steak,,Boneless Beef Tri Tip Steak,9.99 lb Member Price,9.99,,,,,per_lb,Member Price,member_price,full_week,promo_price,,front_page_hero,0.19,0.07,0.41,0.23,0.99,1.0,1.0,0.8,1.0,False,False,,False,,,,,,,,,,,,,,,,,,,,,,,,False,,Main meat hero offer
Safeway_2026-06-17_safeway_6-17_-_6-23,Albertsons,Safeway,bay_area,,2026-06-17,2026-06-23,manifest,high,safeway 6-17 - 6-23.pdf,2,9,Foster Farms Fresh & Natural Chicken Leg Quarters 10 lb bag 0.99 lb Member Price,Foster Farms Fresh & Natural Chicken Leg Quarters,Foster Farms,Fresh & Natural Chicken Leg Quarters,10 lb bag 0.99 lb Member Price,0.99,10 lb bag,10.0,10.0,lb,per_lb,Member Price,member_price,full_week,promo_price,,front_page_hero,0.19,0.24,0.41,0.36,0.99,1.0,1.0,1.0,1.0,False,False,,False,,,,,,,,,,,,,,,,,,,,,,,,False,,Main meat hero offer
Safeway_2026-06-17_safeway_6-17_-_6-23,Albertsons,Safeway,bay_area,,2026-06-17,2026-06-23,manifest,high,safeway 6-17 - 6-23.pdf,2,10,Signature SELECT Bone-In Pork Loin Chops 3.99 lb Member Price,Signature SELECT Bone-In Pork Loin Chops,Signature SELECT,Bone-In Pork Loin Chops,3.99 lb Member Price,3.99,,,,,per_lb,Member Price,member_price,full_week,promo_price,,standard_grid_offer,0.43,0.07,0.54,0.14,0.98,1.0,1.0,0.8,1.0,False,False,,False,,,,,,,,,,,,,,,,,,,,,,,,False,,Meat/seafood grid offer
Safeway_2026-06-17_safeway_6-17_-_6-23,Albertsons,Safeway,bay_area,,2026-06-17,2026-06-23,manifest,high,safeway 6-17 - 6-23.pdf,2,11,Hatfield Marinated Pork 8.99 Member Price,Hatfield Marinated Pork,Hatfield,Marinated Pork,8.99 Member Price,8.99,,,,,per_pack,Member Price,member_price,full_week,promo_price,,standard_grid_offer,0.56,0.07,0.67,0.14,0.98,1.0,1.0,0.7,1.0,False,False,,False,,,,,,,,,,,,,,,,,,,,,,,,True,missing_package_size,Meat/seafood grid offer
Safeway_2026-06-17_safeway_6-17_-_6-23,Albertsons,Safeway,bay_area,,2026-06-17,2026-06-23,manifest,high,safeway 6-17 - 6-23.pdf,2,12,Jennie-O Ground Chicken 7.99 Member Price,Jennie-O Ground Chicken,Jennie-O,Ground Chicken,7.99 Member Price,7.99,,,,,per_pack,Member Price,member_price,full_week,promo_price,,standard_grid_offer,0.69,0.07,0.8,0.14,0.98,1.0,1.0,0.7,1.0,False,False,,False,,,,,,,,,,,,,,,,,,,,,,,,True,missing_package_size,Meat/seafood grid offer
Safeway_2026-06-17_safeway_6-17_-_6-23,Albertsons,Safeway,bay_area,,2026-06-17,2026-06-23,manifest,high,safeway 6-17 - 6-23.pdf,2,13,Green Onion Sausage or Crab Classic 2/$5 Member Price,Green Onion Sausage or Crab Classic,,Green Onion Sausage or Crab Classic,2/$5 Member Price,2.5,,,,,multi_buy,2/$5 Member Price,multi_buy,full_week,promo_price,,standard_grid_offer,0.82,0.07,0.93,0.14,0.98,1.0,1.0,0.7,1.0,False,False,,False,,,,,,,,,,,,,,,,,,,,,,,,True,missing_package_size,Meat/seafood grid offer
Safeway_2026-06-17_safeway_6-17_-_6-23,Albertsons,Safeway,bay_area,,2026-06-17,2026-06-23,manifest,high,safeway 6-17 - 6-23.pdf,2,14,Fresh Sockeye Salmon Fillets 16.99 lb Member Price,Fresh Sockeye Salmon Fillets,,Sockeye Salmon Fillets,16.99 lb Member Price,16.99,,,,,per_lb,Member Price,member_price,full_week,promo_price,Subject to availability.,standard_grid_offer,0.69,0.15,0.8,0.22,0.98,1.0,1.0,0.8,1.0,False,False,,False,,,,,,,,,,,,,,,,,,,,,,,,False,,Meat/seafood grid offer
Safeway_2026-06-17_safeway_6-17_-_6-23,Albertsons,Safeway,bay_area,,2026-06-17,2026-06-23,manifest,high,safeway 6-17 - 6-23.pdf,2,15,Fresh Large BBQ Oysters 12/$12 Member Price,Fresh Large BBQ Oysters,,Large BBQ Oysters,12/$12 Member Price,1.0,12/$12,12.0,12.0,count,multi_buy,12/$12 Member Price,multi_buy,full_week,promo_price,,standard_grid_offer,0.82,0.15,0.93,0.22,0.98,1.0,1.0,1.0,1.0,False,False,,False,,,,,,,,,,,,,,,,,,,,,,,,False,,Meat/seafood grid offer
Safeway_2026-06-17_safeway_6-17_-_6-23,Albertsons,Safeway,bay_area,,2026-06-17,2026-06-23,manifest,high,safeway 6-17 - 6-23.pdf,2,16,Green or Red Seedless Grapes 4.99 lb Member Price Every Day,Green or Red Seedless Grapes,,Seedless Grapes,4.99 lb Member Price Every Day,4.99,,,,,per_lb,Member Price Every Day,member_price,full_week,baseline_candidate,,standard_grid_offer,0.19,0.39,0.29,0.47,0.98,1.0,1.0,0.8,1.0,False,False,,False,,,,,,,,,,,,,,,,,,,,,,,,False,,Produce grid offer
Safeway_2026-06-17_safeway_6-17_-_6-23,Albertsons,Safeway,bay_area,,2026-06-17,2026-06-23,manifest,high,safeway 6-17 - 6-23.pdf,2,17,Hass Avocados Each 2/$4 Member Price Every Day,Hass Avocados,,Avocados,Each 2/$4 Member Price Every Day,2.0,Each,1.0,1.0,count,multi_buy,2/$4 Member Price Every Day,multi_buy,full_week,baseline_candidate,,standard_grid_offer,0.31,0.39,0.41,0.47,0.98,1.0,1.0,1.0,1.0,False,False,,False,,,,,,,,,,,,,,,,,,,,,,,,False,,Produce grid offer
Safeway_2026-06-17_safeway_6-17_-_6-23,Albertsons,Safeway,bay_area,,2026-06-17,2026-06-23,manifest,high,safeway 6-17 - 6-23.pdf,2,18,Broccoli Crowns 2.99 lb Member Price,Broccoli Crowns,,Broccoli Crowns,2.99 lb Member Price,2.99,,,,,per_lb,Member Price,member_price,full_week,promo_price,,standard_grid_offer,0.19,0.48,0.29,0.55,0.98,1.0,1.0,0.8,1.0,False,False,,False,,,,,,,,,,,,,,,,,,,,,,,,False,,Produce grid offer
Safeway_2026-06-17_safeway_6-17_-_6-23,Albertsons,Safeway,bay_area,,2026-06-17,2026-06-23,manifest,high,safeway 6-17 - 6-23.pdf,2,19,Large Navel Oranges 1.69 lb Member Price,Large Navel Oranges,,Navel Oranges,1.69 lb Member Price,1.69,,,,,per_lb,Member Price,member_price,full_week,promo_price,,standard_grid_offer,0.31,0.48,0.41,0.55,0.98,1.0,1.0,0.8,1.0,False,False,,False,,,,,,,,,,,,,,,,,,,,,,,,False,,Produce grid offer
Safeway_2026-06-17_safeway_6-17_-_6-23,Albertsons,Safeway,bay_area,,2026-06-17,2026-06-23,manifest,high,safeway 6-17 - 6-23.pdf,2,20,Lemon Every Day 2/$3 Member Price,Lemon,,Lemon,Every Day 2/$3 Member Price,1.5,,2.0,2.0,count,multi_buy,Every Day 2/$3 Member Price,multi_buy,full_week,baseline_candidate,,standard_grid_offer,0.19,0.56,0.29,0.63,0.98,1.0,1.0,0.8,1.0,False,False,,False,,,,,,,,,,,,,,,,,,,,,,,,False,,Produce grid offer
Safeway_2026-06-17_safeway_6-17_-_6-23,Albertsons,Safeway,bay_area,,2026-06-17,2026-06-23,manifest,high,safeway 6-17 - 6-23.pdf,2,21,Cucumber Each Member Price 4/$5,Cucumber,,Cucumber,Each Member Price 4/$5,1.25,Each,1.0,1.0,count,multi_buy,4/$5 Member Price,multi_buy,full_week,promo_price,Selected stores. See store for details.,standard_grid_offer,0.31,0.56,0.41,0.63,0.98,1.0,1.0,1.0,1.0,False,False,,False,,,,,,,,,,,,,,,,,,,,,,,,False,,Produce grid offer
Safeway_2026-06-17_safeway_6-17_-_6-23,Albertsons,Safeway,bay_area,,2026-06-17,2026-06-23,manifest,high,safeway 6-17 - 6-23.pdf,2,22,Yellow Peaches or Nectarines Every Day 4.49 lb,Yellow Peaches or Nectarines,,Peaches or Nectarines,Every Day 4.49 lb,4.49,,,,,per_lb,Every Day,regular_sale,full_week,baseline_candidate,,standard_grid_offer,0.43,0.39,0.67,0.55,0.98,1.0,1.0,0.8,1.0,False,False,,False,,,,,,,,,,,,,,,,,,,,,,,,False,,Produce hero image
Safeway_2026-06-17_safeway_6-17_-_6-23,Albertsons,Safeway,bay_area,,2026-06-17,2026-06-23,manifest,high,safeway 6-17 - 6-23.pdf,2,23,"Red, Orange or Yellow Bell Pepper 2/$4 Member Price","Red, Orange or Yellow Bell Pepper",,Bell Pepper,2/$4 Member Price,2.0,,2.0,2.0,count,multi_buy,2/$4 Member Price,multi_buy,full_week,promo_price,,standard_grid_offer,0.69,0.39,0.93,0.55,0.98,1.0,1.0,0.8,1.0,False,False,,False,,,,,,,,,,,,,,,,,,,,,,,,False,,Produce hero image
Safeway_2026-06-17_safeway_6-17_-_6-23,Albertsons,Safeway,bay_area,,2026-06-17,2026-06-23,manifest,high,safeway 6-17 - 6-23.pdf,2,24,Boar's Head Genoa Salami 13.99 lb Member Price,Boar's Head Genoa Salami,Boar's Head,Genoa Salami,13.99 lb Member Price,13.99,,,,,per_lb,Member Price,member_price,full_week,promo_price,,standard_grid_offer,0.19,0.66,0.29,0.73,0.98,1.0,1.0,0.8,1.0,False,False,,False,,,,,,,,,,,,,,,,,,,,,,,,False,,Deli grid offer
Safeway_2026-06-17_safeway_6-17_-_6-23,Albertsons,Safeway,bay_area,,2026-06-17,2026-06-23,manifest,high,safeway 6-17 - 6-23.pdf,2,25,Boar's Head Green Salad 7.99 lb Member Price,Boar's Head Green Salad,Boar's Head,Green Salad,7.99 lb Member Price,7.99,,,,,per_lb,Member Price,member_price,full_week,promo_price,,standard_grid_offer,0.31,0.66,0.41,0.73,0.98,1.0,1.0,0.8,1.0,False,False,,False,,,,,,,,,,,,,,,,,,,,,,,,False,,Deli grid offer
Safeway_2026-06-17_safeway_6-17_-_6-23,Albertsons,Safeway,bay_area,,2026-06-17,2026-06-23,manifest,high,safeway 6-17 - 6-23.pdf,2,26,Boar's Head Sandwich Wrap 7.99 Member Price,Boar's Head Sandwich Wrap,Boar's Head,Sandwich Wrap,7.99 Member Price,7.99,,,,,per_pack,Member Price; Earn 4X Points,member_price,full_week,promo_price,Selected varieties.,standard_grid_offer,0.43,0.66,0.54,0.73,0.98,1.0,1.0,0.7,1.0,True,False,,False,,,,,,,,,,,,,,,,,,,,,,,,True,missing_package_size,Deli grid offer with points badge
Safeway_2026-06-17_safeway_6-17_-_6-23,Albertsons,Safeway,bay_area,,2026-06-17,2026-06-23,manifest,high,safeway 6-17 - 6-23.pdf,2,27,Private Selection Turkey or Cheddar Cheese 9.99 Member Price,Private Selection Turkey or Cheddar Cheese,Private Selection,Turkey or Cheddar Cheese,9.99 Member Price,9.99,,,,,per_pack,Member Price,member_price,full_week,promo_price,,standard_grid_offer,0.56,0.66,0.67,0.73,0.98,1.0,1.0,0.7,1.0,False,False,,False,,,,,,,,,,,,,,,,,,,,,,,,True,missing_package_size,Deli grid offer
Safeway_2026-06-17_safeway_6-17_-_6-23,Albertsons,Safeway,bay_area,,2026-06-17,2026-06-23,manifest,high,safeway 6-17 - 6-23.pdf,2,28,Gourmet Cookies or Sticky Buns 8.99 Member Price,Gourmet Cookies or Sticky Buns,,Cookies or Sticky Buns,8.99 Member Price,8.99,,,,,per_pack,Member Price,member_price,full_week,promo_price,,standard_grid_offer,0.19,0.75,0.29,0.82,0.98,1.0,1.0,0.7,1.0,False,False,,False,,,,,,,,,,,,,,,,,,,,,,,,True,missing_package_size,Bakery grid offer
Safeway_2026-06-17_safeway_6-17_-_6-23,Albertsons,Safeway,bay_area,,2026-06-17,2026-06-23,manifest,high,safeway 6-17 - 6-23.pdf,2,29,Artisan Garlic Bread 2.99 Member Price,Artisan Garlic Bread,,Garlic Bread,2.99 Member Price,2.99,,,,,per_pack,Member Price,member_price,full_week,promo_price,,standard_grid_offer,0.31,0.75,0.41,0.82,0.98,1.0,1.0,0.7,1.0,False,False,,False,,,,,,,,,,,,,,,,,,,,,,,,True,missing_package_size,Bakery grid offer
Safeway_2026-06-17_safeway_6-17_-_6-23,Albertsons,Safeway,bay_area,,2026-06-17,2026-06-23,manifest,high,safeway 6-17 - 6-23.pdf,2,30,Jon Donaire Cheesecake 20.99 Member Price,Jon Donaire Cheesecake,Jon Donaire,Cheesecake,20.99 Member Price,20.99,,,,,per_pack,Member Price,member_price,full_week,promo_price,Selected varieties.,standard_grid_offer,0.43,0.75,0.54,0.82,0.98,1.0,1.0,0.7,1.0,False,False,,False,,,,,,,,,,,,,,,,,,,,,,,,True,missing_package_size,Bakery grid offer
Safeway_2026-06-17_safeway_6-17_-_6-23,Albertsons,Safeway,bay_area,,2026-06-17,2026-06-23,manifest,high,safeway 6-17 - 6-23.pdf,2,31,Fresh Baked Bagels 5.99 Member Price,Fresh Baked Bagels,,Bagels,5.99 Member Price,5.99,,,,,per_pack,Member Price,member_price,full_week,promo_price,Selected varieties.,standard_grid_offer,0.56,0.75,0.67,0.82,0.98,1.0,1.0,0.7,1.0,False,False,,False,,,,,,,,,,,,,,,,,,,,,,,,True,missing_package_size,Bakery grid offer
Safeway_2026-06-17_safeway_6-17_-_6-23,Albertsons,Safeway,bay_area,,2026-06-17,2026-06-23,manifest,high,safeway 6-17 - 6-23.pdf,3,1,Applegate Farms Bacon Selected varieties. 8 oz. 5.99 ea Member Price,Applegate Farms Bacon,Applegate Farms,"Bacon, Selected varieties",5.99 ea Member Price,5.99,8 oz,8.0,8.0,oz,each,Member Price,member_price,full_week,promo_price,,coupon_grid_offer,0.02,0.13,0.19,0.25,0.98,1.0,1.0,1.0,1.0,False,False,,False,,,,,,,,,,,,,,,,,,,,,,,,False,,clear coupon grid offer
Safeway_2026-06-17_safeway_6-17_-_6-23,Albertsons,Safeway,bay_area,,2026-06-17,2026-06-23,manifest,high,safeway 6-17 - 6-23.pdf,3,2,Oscar Mayer Hot Dogs Selected varieties. 16 oz. 8.99 ea Member Price,Oscar Mayer Hot Dogs,Oscar Mayer,"Hot Dogs, Selected varieties",8.99 ea Member Price,8.99,16 oz,16.0,16.0,oz,each,Member Price,member_price,full_week,promo_price,,coupon_grid_offer,0.21,0.13,0.38,0.25,0.98,1.0,1.0,1.0,1.0,False,False,,False,,,,,,,,,,,,,,,,,,,,,,,,False,,clear coupon grid offer
Safeway_2026-06-17_safeway_6-17_-_6-23,Albertsons,Safeway,bay_area,,2026-06-17,2026-06-23,manifest,high,safeway 6-17 - 6-23.pdf,3,3,Open Nature* Atlantic Salmon Fillets Farm Raised. 2 lb. bag. 24.99 ea Member Price,Open Nature* Atlantic Salmon Fillets,Open Nature,"Atlantic Salmon Fillets, Farm Raised",24.99 ea Member Price,24.99,2 lb. bag,2.0,2.0,lb,per_pack,Member Price,member_price,full_week,promo_price,,coupon_grid_offer,0.4,0.13,0.57,0.25,0.98,1.0,1.0,1.0,1.0,False,False,,False,,,,,,,,,,,,,,,,,,,,,,,,False,,clear coupon grid offer
Safeway_2026-06-17_safeway_6-17_-_6-23,Albertsons,Safeway,bay_area,,2026-06-17,2026-06-23,manifest,high,safeway 6-17 - 6-23.pdf,3,4,St. Louis Style Pork Spareribs Previously frozen. 12.99 lb,St. Louis Style Pork Spareribs,,"Pork Spareribs, Previously frozen",12.99 lb,12.99,,,,,per_lb,,regular_sale,full_week,promo_price,,coupon_grid_offer,0.02,0.27,0.19,0.39,0.97,1.0,1.0,0.5,0.9,False,False,,False,,,,,,,,,,,,,,,,,,,,,,,,True,missing_package_size,clear coupon grid offer
Safeway_2026-06-17_safeway_6-17_-_6-23,Albertsons,Safeway,bay_area,,2026-06-17,2026-06-23,manifest,high,safeway 6-17 - 6-23.pdf,3,5,Nature's Own Crafted Bread Selected varieties. 20 oz. 2.99 ea Member Price,Nature's Own Crafted Bread,Nature's Own,"Crafted Bread, Selected varieties",2.99 ea Member Price,2.99,20 oz,20.0,20.0,oz,each,Member Price,member_price,full_week,promo_price,,coupon_grid_offer,0.21,0.27,0.38,0.39,0.98,1.0,1.0,1.0,1.0,False,False,,False,,,,,,,,,,,,,,,,,,,,,,,,False,,clear coupon grid offer
Safeway_2026-06-17_safeway_6-17_-_6-23,Albertsons,Safeway,bay_area,,2026-06-17,2026-06-23,manifest,high,safeway 6-17 - 6-23.pdf,3,6,Lucerne® Shredded or Chunk Cheese Selected varieties. 6-8 oz. 2.99 ea Member Price,Lucerne® Shredded or Chunk Cheese,Lucerne,"Shredded or Chunk Cheese, Selected varieties",2.99 ea Member Price,2.99,6-8 oz,6.0,8.0,oz,each,Member Price,member_price,full_week,promo_price,,coupon_grid_offer,0.4,0.27,0.57,0.39,0.98,1.0,1.0,1.0,1.0,False,False,,False,,,,,,,,,,,,,,,,,,,,,,,,False,,clear coupon grid offer
Safeway_2026-06-17_safeway_6-17_-_6-23,Albertsons,Safeway,bay_area,,2026-06-17,2026-06-23,manifest,high,safeway 6-17 - 6-23.pdf,3,7,Lactaid Milk Selected varieties. 64 oz. 3.99 ea Member Price,Lactaid Milk,Lactaid,"Milk, Selected varieties",3.99 ea Member Price,3.99,64 oz,64.0,64.0,oz,each,Member Price,member_price,full_week,promo_price,,coupon_grid_offer,0.59,0.27,0.76,0.39,0.98,1.0,1.0,1.0,1.0,False,False,,False,,,,,,,,,,,,,,,,,,,,,,,,False,,clear coupon grid offer
Safeway_2026-06-17_safeway_6-17_-_6-23,Albertsons,Safeway,bay_area,,2026-06-17,2026-06-23,manifest,high,safeway 6-17 - 6-23.pdf,3,8,Guerrero Corn Tortillas 80 ct. 2.49 ea Member Price,Guerrero Corn Tortillas,Guerrero,Corn Tortillas,2.49 ea Member Price,2.49,80 ct,80.0,80.0,ct,each,Member Price,member_price,full_week,promo_price,,coupon_grid_offer,0.02,0.41,0.19,0.53,0.98,1.0,1.0,1.0,1.0,False,False,,False,,,,,,,,,,,,,,,,,,,,,,,,False,,clear coupon grid offer
Safeway_2026-06-17_safeway_6-17_-_6-23,Albertsons,Safeway,bay_area,,2026-06-17,2026-06-23,manifest,high,safeway 6-17 - 6-23.pdf,3,9,Pepperidge Farm Goldfish Crackers Selected varieties. 6.1-8 oz. 3.49 ea Member Price,Pepperidge Farm Goldfish Crackers,Pepperidge Farm,"Goldfish Crackers, Selected varieties",3.49 ea Member Price,3.49,6.1-8 oz,6.1,8.0,oz,each,Member Price,member_price,full_week,promo_price,,coupon_grid_offer,0.21,0.41,0.38,0.53,0.98,1.0,1.0,1.0,1.0,False,False,,False,,,,,,,,,,,,,,,,,,,,,,,,False,,clear coupon grid offer
Safeway_2026-06-17_safeway_6-17_-_6-23,Albertsons,Safeway,bay_area,,2026-06-17,2026-06-23,manifest,high,safeway 6-17 - 6-23.pdf,3,10,Tillamook Farmstyle Thick Cut Cheese Selected varieties. 7 oz. 3.99 ea Member Price,Tillamook Farmstyle Thick Cut Cheese,Tillamook,"Farmstyle Thick Cut Cheese, Selected varieties",3.99 ea Member Price,3.99,7 oz,7.0,7.0,oz,each,Member Price,member_price,full_week,promo_price,,coupon_grid_offer,0.4,0.41,0.57,0.53,0.98,1.0,1.0,1.0,1.0,False,False,,False,,,,,,,,,,,,,,,,,,,,,,,,False,,clear coupon grid offer
Safeway_2026-06-17_safeway_6-17_-_6-23,Albertsons,Safeway,bay_area,,2026-06-17,2026-06-23,manifest,high,safeway 6-17 - 6-23.pdf,3,11,Land O Lakes Butter Selected varieties. 15-16 oz. 3.49 ea Member Price,Land O Lakes Butter,Land O Lakes,"Butter, Selected varieties",3.49 ea Member Price,3.49,15-16 oz,15.0,16.0,oz,each,Member Price,member_price,full_week,promo_price,,coupon_grid_offer,0.59,0.41,0.76,0.53,0.98,1.0,1.0,1.0,1.0,False,False,,False,,,,,,,,,,,,,,,,,,,,,,,,False,,clear coupon grid offer
Safeway_2026-06-17_safeway_6-17_-_6-23,Albertsons,Safeway,bay_area,,2026-06-17,2026-06-23,manifest,high,safeway 6-17 - 6-23.pdf,3,12,Hidden Valley Ranch Dressing Selected varieties. 16 oz. 3.49 ea Member Price,Hidden Valley Ranch Dressing,Hidden Valley,"Ranch Dressing, Selected varieties",3.49 ea Member Price,3.49,16 oz,16.0,16.0,oz,each,Member Price,member_price,full_week,promo_price,,coupon_grid_offer,0.02,0.55,0.19,0.67,0.98,1.0,1.0,1.0,1.0,False,False,,False,,,,,,,,,,,,,,,,,,,,,,,,False,,clear coupon grid offer
Safeway_2026-06-17_safeway_6-17_-_6-23,Albertsons,Safeway,bay_area,,2026-06-17,2026-06-23,manifest,high,safeway 6-17 - 6-23.pdf,3,13,"Cheez-It Crackers, Chex Mix, Bugles, Gardetto's, Nature Valley Crunchy Granola Bars, Fiber One Bars, Betty Crocker Fruit Snacks, Fruit by the Foot, Fruit Gushers, Fruit Roll-Ups, Mott's Fruit Flavored Snacks, or Cheetos Mac'n Cheese Selected varieties. 4.5-8.94 oz. 2.49 ea Member Price Earn 4X Points!","Cheez-It Crackers, Chex Mix, Bugles, Gardetto's, Nature Valley Crunchy Granola Bars, Fiber One Bars, Betty Crocker Fruit Snacks, Fruit by the Foot, Fruit Gushers, Fruit Roll-Ups, Mott's Fruit Flavored Snacks, or Cheetos Mac'n Cheese","Cheez-It, Chex Mix, Bugles, Gardetto's, Nature Valley, Fiber One, Betty Crocker, Fruit by the Foot, Fruit Gushers, Fruit Roll-Ups, Mott's, Cheetos","Crackers, Snack Mixes, Granola Bars, Fruit Snacks, Mac'n Cheese, Selected varieties",2.49 ea Member Price,2.49,4.5-8.94 oz,4.5,8.94,oz,each,Member Price Earn 4X Points!,member_price,full_week,promo_price,,points_promo_block,0.21,0.55,0.38,0.67,0.97,0.95,1.0,1.0,1.0,True,False,,False,,,,,,,,,,,,,,,,,,,,,,,,False,,points promo block with real price
Safeway_2026-06-17_safeway_6-17_-_6-23,Albertsons,Safeway,bay_area,,2026-06-17,2026-06-23,manifest,high,safeway 6-17 - 6-23.pdf,3,14,Signature SELECT® Pizza Rising Crust or Thin Crust. Selected varieties. 12.94-31.5 oz. 3.99 ea Member Price,Signature SELECT® Pizza Rising Crust or Thin Crust,Signature SELECT,"Pizza, Rising Crust or Thin Crust, Selected varieties",3.99 ea Member Price,3.99,12.94-31.5 oz,12.94,31.5,oz,each,Member Price,member_price,full_week,promo_price,,coupon_grid_offer,0.4,0.55,0.57,0.67,0.98,1.0,1.0,1.0,1.0,False,False,,False,,,,,,,,,,,,,,,,,,,,,,,,False,,clear coupon grid offer
Safeway_2026-06-17_safeway_6-17_-_6-23,Albertsons,Safeway,bay_area,,2026-06-17,2026-06-23,manifest,high,safeway 6-17 - 6-23.pdf,3,15,"Ritz Crackers or Toasted Chips, Nabisco Snack Crackers Selected varieties. 7.1-13.7 oz. 2.49 ea Member Price Earn 4X Points!","Ritz Crackers or Toasted Chips, Nabisco Snack Crackers","Ritz, Nabisco","Crackers or Toasted Chips, Snack Crackers, Selected varieties",2.49 ea Member Price,2.49,7.1-13.7 oz,7.1,13.7,oz,each,Member Price Earn 4X Points!,member_price,full_week,promo_price,,points_promo_block,0.02,0.69,0.19,0.81,0.97,0.95,1.0,1.0,1.0,True,False,,False,,,,,,,,,,,,,,,,,,,,,,,,False,,points promo block with real price
Safeway_2026-06-17_safeway_6-17_-_6-23,Albertsons,Safeway,bay_area,,2026-06-17,2026-06-23,manifest,high,safeway 6-17 - 6-23.pdf,3,16,"Skinny Pop Popcorn, Pirate's Booty, Angie's Boom Chicka Pop, Popcorners, or Sensible Portions Veggie Straws Selected varieties. 4-7 oz. 3.49 ea Member Price Earn 4X Points!","Skinny Pop Popcorn, Pirate's Booty, Angie's Boom Chicka Pop, Popcorners, or Sensible Portions Veggie Straws","Skinny Pop, Pirate's Booty, Angie's Boom Chicka Pop, Popcorners, Sensible Portions","Popcorn, Veggie Straws, Selected varieties",3.49 ea Member Price,3.49,4-7 oz,4.0,7.0,oz,each,Member Price Earn 4X Points!,member_price,full_week,promo_price,,points_promo_block,0.21,0.69,0.38,0.81,0.97,0.95,1.0,1.0,1.0,True,False,,False,,,,,,,,,,,,,,,,,,,,,,,,False,,points promo block with real price
Safeway_2026-06-17_safeway_6-17_-_6-23,Albertsons,Safeway,bay_area,,2026-06-17,2026-06-23,manifest,high,safeway 6-17 - 6-23.pdf,3,17,Totino's Party Pizza Selected varieties. 9.8-10.9 oz. 5.99 5/$ Member Price,Totino's Party Pizza,Totino's,"Party Pizza, Selected varieties",5.99 5/$ Member Price,5.99,9.8-10.9 oz,9.8,10.9,oz,multi_buy,5/$ Member Price,multi_buy,full_week,promo_price,,coupon_grid_offer,0.4,0.69,0.57,0.81,0.98,1.0,1.0,1.0,1.0,False,False,,False,,,,,,,,,,,,,,,,,,,,,,,,False,,clear coupon grid offer
Safeway_2026-06-17_safeway_6-17_-_6-23,Albertsons,Safeway,bay_area,,2026-06-17,2026-06-23,manifest,high,safeway 6-17 - 6-23.pdf,3,18,Lean Cuisine Entrees Selected varieties. 5.25-11.5 oz. 2.99 ea Member Price Earn 4X Points!,Lean Cuisine Entrees,Lean Cuisine,"Entrees, Selected varieties",2.99 ea Member Price,2.99,5.25-11.5 oz,5.25,11.5,oz,each,Member Price Earn 4X Points!,member_price,full_week,promo_price,,points_promo_block,0.59,0.69,0.76,0.81,0.97,1.0,1.0,1.0,1.0,True,False,,False,,,,,,,,,,,,,,,,,,,,,,,,False,,points promo block with real price
Safeway_2026-06-17_safeway_6-17_-_6-23,Albertsons,Safeway,bay_area,,2026-06-17,2026-06-23,manifest,high,safeway 6-17 - 6-23.pdf,3,19,Vita Coco Coconut Water Selected varieties. 16.9 oz. 2.29 ea Member Price,Vita Coco Coconut Water,Vita Coco,"Coconut Water, Selected varieties",2.29 ea Member Price,2.29,16.9 oz,16.9,16.9,oz,each,Member Price,member_price,full_week,promo_price,,coupon_grid_offer,0.02,0.83,0.19,0.95,0.98,1.0,1.0,1.0,1.0,False,False,,False,,,,,,,,,,,,,,,,,,,,,,,,False,,clear coupon grid offer
Safeway_2026-06-17_safeway_6-17_-_6-23,Albertsons,Safeway,bay_area,,2026-06-17,2026-06-23,manifest,high,safeway 6-17 - 6-23.pdf,3,20,Nescafé Coffee Beverage Selected varieties. 40-50 oz. 5.99 ea Member Price,Nescafé Coffee Beverage,Nescafé,"Coffee Beverage, Selected varieties",5.99 ea Member Price,5.99,40-50 oz,40.0,50.0,oz,each,Member Price,member_price,full_week,promo_price,,coupon_grid_offer,0.21,0.83,0.38,0.95,0.98,1.0,1.0,1.0,1.0,False,False,,False,,,,,,,,,,,,,,,,,,,,,,,,False,,clear coupon grid offer
Safeway_2026-06-17_safeway_6-17_-_6-23,Albertsons,Safeway,bay_area,,2026-06-17,2026-06-23,manifest,high,safeway 6-17 - 6-23.pdf,3,21,Jack Daniel's Whiskey Selected varieties. 750 ml. 16.99 ea,Jack Daniel's Whiskey,Jack Daniel's,"Whiskey, Selected varieties",16.99 ea,16.99,750 ml,750.0,750.0,ml,each,,regular_sale,full_week,promo_price,,coupon_grid_offer,0.4,0.83,0.57,0.95,0.98,1.0,1.0,1.0,1.0,False,False,,False,,,,,,,,,,,,,,,,,,,,,,,,True,excluded_category,clear coupon grid offer
Safeway_2026-06-17_safeway_6-17_-_6-23,Albertsons,Safeway,bay_area,,2026-06-17,2026-06-23,manifest,high,safeway 6-17 - 6-23.pdf,3,22,Resonata Cabernet Sauvignon or Chardonnay 4 pk. 187 ml. 15.99 ea,Resonata Cabernet Sauvignon or Chardonnay,Resonata,"Cabernet Sauvignon or Chardonnay, 4 pk.",15.99 ea,15.99,4 pk. 187 ml,4.0,4.0,pk,each,,regular_sale,full_week,promo_price,,coupon_grid_offer,0.59,0.83,0.76,0.95,0.98,1.0,1.0,1.0,1.0,False,False,,False,,,,,,,,,,,,,,,,,,,,,,,,True,excluded_category,clear coupon grid offer
Safeway_2026-06-17_safeway_6-17_-_6-23,Albertsons,Safeway,bay_area,,2026-06-17,2026-06-23,manifest,high,safeway 6-17 - 6-23.pdf,3,23,"Signature SELECT® Refreshe Purified Drinking Water 24 pack, 16.9 oz. bottles. 3.99 ea Member Price",Signature SELECT® Refreshe Purified Drinking Water,Signature SELECT,"Refreshe Purified Drinking Water, 24 pack, 16.9 oz. bottles",3.99 ea Member Price,3.99,"24 pack, 16.9 oz. bottles",24.0,24.0,pack,each,Member Price,member_price,full_week,promo_price,,coupon_grid_offer,0.02,0.97,0.19,1.09,0.98,1.0,1.0,1.0,1.0,False,False,,False,,,,,,,,,,,,,,,,,,,,,,,,False,,clear coupon grid offer
Safeway_2026-06-17_safeway_6-17_-_6-23,Albertsons,Safeway,bay_area,,2026-06-17,2026-06-23,manifest,high,safeway 6-17 - 6-23.pdf,3,24,Gain Laundry Detergent Selected varieties. 92 oz. 12.99 ea Member Price,Gain Laundry Detergent,Gain,"Laundry Detergent, Selected varieties",12.99 ea Member Price,12.99,92 oz,92.0,92.0,oz,each,Member Price,member_price,full_week,promo_price,,coupon_grid_offer,0.21,0.97,0.38,1.09,0.98,1.0,1.0,1.0,1.0,False,False,,False,,,,,,,,,,,,,,,,,,,,,,,,False,,clear coupon grid offer
Safeway_2026-06-17_safeway_6-17_-_6-23,Albertsons,Safeway,bay_area,,2026-06-17,2026-06-23,manifest,high,safeway 6-17 - 6-23.pdf,3,25,Viva Paper Towels 6 big rolls or Cottonelle Bath Tissue 6 mega rolls. 11.99 ea Member Price,Viva Paper Towels 6 big rolls or Cottonelle Bath Tissue 6 mega rolls,"Viva, Cottonelle",Paper Towels 6 big rolls or Bath Tissue 6 mega rolls,11.99 ea Member Price,11.99,6 big rolls or 6 mega rolls,6.0,6.0,rolls,each,Member Price,member_price,full_week,promo_price,,coupon_grid_offer,0.4,0.97,0.57,1.09,0.98,1.0,1.0,1.0,1.0,False,False,,False,,,,,,,,,,,,,,,,,,,,,,,,False,,clear coupon grid offer
Safeway_2026-06-17_safeway_6-17_-_6-23,Albertsons,Safeway,bay_area,,2026-06-17,2026-06-23,manifest,high,safeway 6-17 - 6-23.pdf,4,1,Signature SELECT™ Pork Spareribs St. Louis Style Back Ripper or Classic Cut 5.99 Member Price,Signature SELECT™ Pork Spareribs St. Louis Style Back Ripper or Classic Cut,Signature SELECT,Pork Spareribs St. Louis Style Back Ripper or Classic Cut,5.99 Member Price,5.99,,,,,each,Member Price,member_price,full_week,promo_price,,standard_grid_offer,0.03,0.08,0.32,0.22,0.98,0.98,0.98,0.5,0.98,False,False,,False,,,,,,,,,,,,,,,,,,,,,,,,True,missing_package_size,Clear product and price
Safeway_2026-06-17_safeway_6-17_-_6-23,Albertsons,Safeway,bay_area,,2026-06-17,2026-06-23,manifest,high,safeway 6-17 - 6-23.pdf,4,2,Signature SELECT™ Beef Patties 40 oz 14.99 Member Price,Signature SELECT™ Beef Patties,Signature SELECT,Beef Patties,14.99 Member Price,14.99,40 oz,40.0,40.0,oz,each,Member Price,member_price,full_week,promo_price,,standard_grid_offer,0.36,0.08,0.65,0.22,0.98,0.98,0.98,0.98,0.98,False,False,,False,,,,,,,,,,,,,,,,,,,,,,,,False,,Clear product and price
Safeway_2026-06-17_safeway_6-17_-_6-23,Albertsons,Safeway,bay_area,,2026-06-17,2026-06-23,manifest,high,safeway 6-17 - 6-23.pdf,4,3,Green Asparagus 1.99 lb Member Price,Green Asparagus,,Green Asparagus,1.99 lb Member Price,1.99,,,,,per_lb,Member Price,member_price,full_week,promo_price,,standard_grid_offer,0.03,0.23,0.19,0.32,0.97,0.97,0.97,0.5,0.97,False,False,,False,,,,,,,,,,,,,,,,,,,,,,,,True,missing_package_size,Clear produce price
Safeway_2026-06-17_safeway_6-17_-_6-23,Albertsons,Safeway,bay_area,,2026-06-17,2026-06-23,manifest,high,safeway 6-17 - 6-23.pdf,4,4,Decorated Father's Day Cupcake Each 1.00 Member Price,Decorated Father's Day Cupcake,,Decorated Father's Day Cupcake,1.00 Member Price,1.0,Each,1.0,1.0,count,each,Member Price,member_price,full_week,promo_price,,standard_grid_offer,0.22,0.23,0.32,0.32,0.97,0.97,0.97,0.97,0.97,False,False,,False,,,,,,,,,,,,,,,,,,,,,,,,False,,Clear bakery item and price
Safeway_2026-06-17_safeway_6-17_-_6-23,Albertsons,Safeway,bay_area,,2026-06-17,2026-06-23,manifest,high,safeway 6-17 - 6-23.pdf,4,5,"Guinness Draught, Extra Stout, West Ghost IPA 6 Pack, 12 fl oz Cans 16.99 Member Price","Guinness Draught, Extra Stout, West Ghost IPA 6 Pack, 12 fl oz Cans",Guinness,"Draught, Extra Stout, West Ghost IPA 6 Pack, 12 fl oz Cans",16.99 Member Price,16.99,"6 Pack, 12 fl oz Cans",6.0,6.0,count,each,Member Price,member_price,full_week,promo_price,,standard_grid_offer,0.36,0.23,0.65,0.32,0.97,0.97,0.97,0.97,0.97,False,False,,False,,,,,,,,,,,,,,,,,,,,,,,,False,,Clear beverage and price
Safeway_2026-06-17_safeway_6-17_-_6-23,Albertsons,Safeway,bay_area,,2026-06-17,2026-06-23,manifest,high,safeway 6-17 - 6-23.pdf,4,6,"Soleil™ Sparkling Water 8 Pack, 12 fl oz Cans 2 for $7 Member Price","Soleil™ Sparkling Water 8 Pack, 12 fl oz Cans",Soleil,"Sparkling Water 8 Pack, 12 fl oz Cans",2 for $7 Member Price,7.0,"8 Pack, 12 fl oz Cans",8.0,8.0,count,multi_buy,Member Price,multi_buy,full_week,promo_price,,standard_grid_offer,0.03,0.33,0.19,0.41,0.97,0.97,0.97,0.97,0.97,False,False,,False,,,,,,,,,,,,,,,,,,,,,,,,False,,Clear beverage multi-buy
Safeway_2026-06-17_safeway_6-17_-_6-23,Albertsons,Safeway,bay_area,,2026-06-17,2026-06-23,manifest,high,safeway 6-17 - 6-23.pdf,4,7,Signature SELECT® Ketchup 20 oz BUY 1 GET 1 FREE Member Price,Signature SELECT® Ketchup 20 oz,Signature SELECT,Ketchup 20 oz,BUY 1 GET 1 FREE Member Price,,20 oz,20.0,20.0,oz,unknown,BUY 1 GET 1 FREE Member Price,buy_x_get_y,full_week,promo_price,,standard_grid_offer,0.22,0.33,0.32,0.41,0.97,0.97,0.5,0.97,0.97,False,False,,False,,,,,,,,,,,,,,,,,,,,,,,,True,missing_or_unclear_price,BOGO ketchup offer
Safeway_2026-06-17_safeway_6-17_-_6-23,Albertsons,Safeway,bay_area,,2026-06-17,2026-06-23,manifest,high,safeway 6-17 - 6-23.pdf,4,8,Signature SELECT® Ice Cream Sandwiches 12 ct or Bars 6-12 ct 3.49 Member Price,Signature SELECT® Ice Cream Sandwiches 12 ct or Bars 6-12 ct,Signature SELECT,Ice Cream Sandwiches 12 ct or Bars 6-12 ct,3.49 Member Price,3.49,12 ct or Bars 6-12 ct,6.0,12.0,count,each,Member Price,member_price,full_week,promo_price,,standard_grid_offer,0.36,0.33,0.65,0.41,0.97,0.97,0.97,0.97,0.97,False,False,,False,,,,,,,,,,,,,,,,,,,,,,,,False,,Clear frozen dessert offer
Safeway_2026-06-17_safeway_6-17_-_6-23,Albertsons,Safeway,bay_area,,2026-06-17,2026-06-23,manifest,high,safeway 6-17 - 6-23.pdf,4,9,$5 FRIDAY JUNE 19TH,,,,,,,,,,unknown,,unknown,friday_only,unclear,FRIDAY JUNE 19TH,friday_only_block,0.0,0.42,1.0,0.51,0.95,0.1,0.1,0.1,0.1,False,False,,False,,,,,,,,,,,,,,,,,,,,,,,,False,excluded_category,"Section header, not an offer"
Safeway_2026-06-17_safeway_6-17_-_6-23,Albertsons,Safeway,bay_area,,2026-06-17,2026-06-23,manifest,high,safeway 6-17 - 6-23.pdf,4,10,"St. Louis Style Chicken Wings Hot, BBQ or Teriyaki, 5 lb. Sold Hot in Service Deli. Asian Classic Salad 5.00 ea Member Price","St. Louis Style Chicken Wings Hot, BBQ or Teriyaki, 5 lb. Sold Hot in Service Deli. Asian Classic Salad",,"Chicken Wings Hot, BBQ or Teriyaki, 5 lb. Sold Hot in Service Deli. Asian Classic Salad",5.00 ea Member Price,5.0,5 lb,5.0,5.0,lb,each,Member Price,member_price,friday_only,short_term_dip,FRIDAY JUNE 19TH,friday_only_block,0.03,0.52,0.19,0.6,0.96,0.96,0.96,0.96,0.96,False,False,,False,,,,,,,,,,,,,,,,,,,,,,,,False,,Friday only deli offer
Safeway_2026-06-17_safeway_6-17_-_6-23,Albertsons,Safeway,bay_area,,2026-06-17,2026-06-23,manifest,high,safeway 6-17 - 6-23.pdf,4,11,Open Nature® Value Pack Assorted Lamb Shoulder Chops 5.00 lb Member Price,Open Nature® Value Pack Assorted Lamb Shoulder Chops,Open Nature,Value Pack Assorted Lamb Shoulder Chops,5.00 lb Member Price,5.0,,,,,per_lb,Member Price,member_price,friday_only,short_term_dip,FRIDAY JUNE 19TH,friday_only_block,0.22,0.52,0.32,0.6,0.96,0.96,0.96,0.5,0.96,False,False,,False,,,,,,,,,,,,,,,,,,,,,,,,True,missing_package_size,Friday only meat offer
Safeway_2026-06-17_safeway_6-17_-_6-23,Albertsons,Safeway,bay_area,,2026-06-17,2026-06-23,manifest,high,safeway 6-17 - 6-23.pdf,4,12,Fresh Sushi 5.00 ea Member Price,Fresh Sushi,,Fresh Sushi,5.00 ea Member Price,5.0,,,,,each,Member Price,member_price,friday_only,short_term_dip,FRIDAY JUNE 19TH,friday_only_block,0.36,0.52,0.46,0.6,0.96,0.96,0.96,0.5,0.96,False,False,,False,,,,,,,,,,,,,,,,,,,,,,,,True,missing_package_size,Friday only sushi offer
Safeway_2026-06-17_safeway_6-17_-_6-23,Albertsons,Safeway,bay_area,,2026-06-17,2026-06-23,manifest,high,safeway 6-17 - 6-23.pdf,4,13,Foster Farms Chicken Party Wings 40 oz 5.00 ea Member Price,Foster Farms Chicken Party Wings 40 oz,Foster Farms,Chicken Party Wings 40 oz,5.00 ea Member Price,5.0,40 oz,40.0,40.0,oz,each,Member Price,member_price,friday_only,short_term_dip,FRIDAY JUNE 19TH,friday_only_block,0.5,0.52,0.6,0.6,0.96,0.96,0.96,0.96,0.96,False,False,,False,,,,,,,,,,,,,,,,,,,,,,,,False,,Friday only frozen wings
Safeway_2026-06-17_safeway_6-17_-_6-23,Albertsons,Safeway,bay_area,,2026-06-17,2026-06-23,manifest,high,safeway 6-17 - 6-23.pdf,4,14,Jack Daniel's Pulled Pork 5.00 ea Member Price Selected varieties.,Jack Daniel's Pulled Pork,Jack Daniel's,Pulled Pork,5.00 ea Member Price,5.0,,,,,each,Member Price,member_price,friday_only,short_term_dip,FRIDAY JUNE 19TH,friday_only_block,0.64,0.52,0.74,0.6,0.96,0.96,0.96,0.5,0.96,False,False,,False,,,,,,,,,,,,,,,,,,,,,,,,True,missing_package_size,Friday only prepared meat
Safeway_2026-06-17_safeway_6-17_-_6-23,Albertsons,Safeway,bay_area,,2026-06-17,2026-06-23,manifest,high,safeway 6-17 - 6-23.pdf,4,15,Strawberries 5.00 ea Member Price,Strawberries,,Strawberries,5.00 ea Member Price,5.0,,,,,each,Member Price,member_price,friday_only,short_term_dip,FRIDAY JUNE 19TH,friday_only_block,0.03,0.61,0.19,0.69,0.96,0.96,0.96,0.5,0.96,False,False,,False,,,,,,,,,,,,,,,,,,,,,,,,True,missing_package_size,Friday only produce
Safeway_2026-06-17_safeway_6-17_-_6-23,Albertsons,Safeway,bay_area,,2026-06-17,2026-06-23,manifest,high,safeway 6-17 - 6-23.pdf,4,16,Signature SELECT® Salad Bowl Value Pack 5.00 ea Member Price,Signature SELECT® Salad Bowl Value Pack,Signature SELECT,Salad Bowl Value Pack,5.00 ea Member Price,5.0,,,,,each,Member Price,member_price,friday_only,short_term_dip,FRIDAY JUNE 19TH,friday_only_block,0.22,0.61,0.32,0.69,0.96,0.96,0.96,0.5,0.96,False,False,,False,,,,,,,,,,,,,,,,,,,,,,,,True,missing_package_size,Friday only salad
Safeway_2026-06-17_safeway_6-17_-_6-23,Albertsons,Safeway,bay_area,,2026-06-17,2026-06-23,manifest,high,safeway 6-17 - 6-23.pdf,4,17,Fresh Atlantic Salmon Portion 5.00 ea Member Price,Fresh Atlantic Salmon Portion,,Fresh Atlantic Salmon Portion,5.00 ea Member Price,5.0,,,,,each,Member Price,member_price,friday_only,short_term_dip,FRIDAY JUNE 19TH,friday_only_block,0.36,0.61,0.46,0.69,0.96,0.96,0.96,0.5,0.96,False,False,,False,,,,,,,,,,,,,,,,,,,,,,,,True,missing_package_size,Friday only seafood
Safeway_2026-06-17_safeway_6-17_-_6-23,Albertsons,Safeway,bay_area,,2026-06-17,2026-06-23,manifest,high,safeway 6-17 - 6-23.pdf,4,18,"Sara Lee Bagels, English Muffins or Artesano Bread 2 for $5 Member Price","Sara Lee Bagels, English Muffins or Artesano Bread",Sara Lee,"Bagels, English Muffins or Artesano Bread",2 for $5 Member Price,5.0,,,,,multi_buy,Member Price,multi_buy,friday_only,short_term_dip,FRIDAY JUNE 19TH,friday_only_block,0.5,0.61,0.6,0.69,0.96,0.96,0.96,0.5,0.96,False,False,,False,,,,,,,,,,,,,,,,,,,,,,,,True,missing_package_size,Friday only bakery
Safeway_2026-06-17_safeway_6-17_-_6-23,Albertsons,Safeway,bay_area,,2026-06-17,2026-06-23,manifest,high,safeway 6-17 - 6-23.pdf,4,19,Boston Cream Cake 5.00 ea Member Price,Boston Cream Cake,,Boston Cream Cake,5.00 ea Member Price,5.0,,,,,each,Member Price,member_price,friday_only,short_term_dip,FRIDAY JUNE 19TH,friday_only_block,0.64,0.61,0.74,0.69,0.96,0.96,0.96,0.5,0.96,False,False,,False,,,,,,,,,,,,,,,,,,,,,,,,True,missing_package_size,Friday only bakery
Safeway_2026-06-17_safeway_6-17_-_6-23,Albertsons,Safeway,bay_area,,2026-06-17,2026-06-23,manifest,high,safeway 6-17 - 6-23.pdf,4,20,Breyers Ice Cream 48 fl oz 2 for $5 ea Member Price,Breyers Ice Cream 48 fl oz,Breyers,Ice Cream 48 fl oz,2 for $5 ea Member Price,5.0,48 fl oz,48.0,48.0,fl oz,multi_buy,Member Price,multi_buy,friday_only,short_term_dip,FRIDAY JUNE 19TH,friday_only_block,0.03,0.7,0.19,0.78,0.96,0.96,0.96,0.96,0.96,False,False,,False,,,,,,,,,,,,,,,,,,,,,,,,False,,Friday only ice cream
Safeway_2026-06-17_safeway_6-17_-_6-23,Albertsons,Safeway,bay_area,,2026-06-17,2026-06-23,manifest,high,safeway 6-17 - 6-23.pdf,4,21,"Betty Crocker Fruit Snacks 5 to 10 ct, Nature Valley Bars 5 to 12 ct 2 for $5 Member Price","Betty Crocker Fruit Snacks 5 to 10 ct, Nature Valley Bars 5 to 12 ct","Betty Crocker, Nature Valley","Fruit Snacks 5 to 10 ct, Bars 5 to 12 ct",2 for $5 Member Price,5.0,"5 to 10 ct, 5 to 12 ct",5.0,12.0,count,multi_buy,Member Price,multi_buy,friday_only,short_term_dip,FRIDAY JUNE 19TH,friday_only_block,0.22,0.7,0.32,0.78,0.96,0.96,0.96,0.96,0.96,False,False,,False,,,,,,,,,,,,,,,,,,,,,,,,False,,Friday only snacks
Safeway_2026-06-17_safeway_6-17_-_6-23,Albertsons,Safeway,bay_area,,2026-06-17,2026-06-23,manifest,high,safeway 6-17 - 6-23.pdf,4,22,"Sweet Baby Ray's Barbecue Sauce 18 oz, Ken's Salad Dressing 16 oz 2 for $5 Member Price","Sweet Baby Ray's Barbecue Sauce 18 oz, Ken's Salad Dressing 16 oz","Sweet Baby Ray's, Ken's","Barbecue Sauce 18 oz, Salad Dressing 16 oz",2 for $5 Member Price,5.0,"18 oz, 16 oz",16.0,18.0,oz,multi_buy,Member Price,multi_buy,friday_only,short_term_dip,FRIDAY JUNE 19TH,friday_only_block,0.36,0.7,0.46,0.78,0.96,0.96,0.96,0.96,0.96,False,False,,False,,,,,,,,,,,,,,,,,,,,,,,,False,,Friday only condiments
Safeway_2026-06-17_safeway_6-17_-_6-23,Albertsons,Safeway,bay_area,,2026-06-17,2026-06-23,manifest,high,safeway 6-17 - 6-23.pdf,4,23,"Tide Laundry Detergent 46 to 50 oz, Downy Fabric Softener 51 oz, Bounty Essentials Paper Towels 6 Roll 5.00 ea Member Price","Tide Laundry Detergent 46 to 50 oz, Downy Fabric Softener 51 oz, Bounty Essentials Paper Towels 6 Roll","Tide, Downy, Bounty Essentials","Laundry Detergent 46 to 50 oz, Fabric Softener 51 oz, Paper Towels 6 Roll",5.00 ea Member Price,5.0,"46 to 50 oz, 51 oz, 6 Roll",6.0,51.0,unknown,each,Member Price,member_price,friday_only,short_term_dip,FRIDAY JUNE 19TH,friday_only_block,0.5,0.7,0.6,0.78,0.96,0.96,0.96,0.8,0.96,False,False,,False,,,,,,,,,,,,,,,,,,,,,,,,False,,Friday only household
Safeway_2026-06-17_safeway_6-17_-_6-23,Albertsons,Safeway,bay_area,,2026-06-17,2026-06-23,manifest,high,safeway 6-17 - 6-23.pdf,4,24,"La Colombe Draft Latte 9 fl oz, Mini Watermelon 5.00 ea Member Price","La Colombe Draft Latte 9 fl oz, Mini Watermelon",La Colombe,"Draft Latte 9 fl oz, Mini Watermelon",5.00 ea Member Price,5.0,9 fl oz,9.0,9.0,fl oz,each,Member Price,member_price,friday_only,short_term_dip,FRIDAY JUNE 19TH,friday_only_block,0.03,0.79,0.19,0.87,0.96,0.96,0.96,0.96,0.96,False,False,,False,,,,,,,,,,,,,,,,,,,,,,,,False,,Friday only beverage/produce
Safeway_2026-06-17_safeway_6-17_-_6-23,Albertsons,Safeway,bay_area,,2026-06-17,2026-06-23,manifest,high,safeway 6-17 - 6-23.pdf,4,25,Barefoot Cellars Wine 750 ml 5.00 ea Member Price,Barefoot Cellars Wine 750 ml,Barefoot Cellars,Wine 750 ml,5.00 ea Member Price,5.0,750 ml,750.0,750.0,ml,each,Member Price,member_price,friday_only,short_term_dip,FRIDAY JUNE 19TH,friday_only_block,0.22,0.79,0.32,0.87,0.96,0.96,0.96,0.96,0.96,False,False,,False,,,,,,,,,,,,,,,,,,,,,,,,False,excluded_category,Friday only wine
Safeway_2026-06-17_safeway_6-17_-_6-23,Albertsons,Safeway,bay_area,,2026-06-17,2026-06-23,manifest,high,safeway 6-17 - 6-23.pdf,4,26,Apothecary Roses 5.00 ea Member Price,Apothecary Roses,,Apothecary Roses,5.00 ea Member Price,5.0,,,,,each,Member Price,member_price,friday_only,short_term_dip,FRIDAY JUNE 19TH,friday_only_block,0.36,0.79,0.46,0.87,0.96,0.96,0.96,0.5,0.96,False,False,,False,,,,,,,,,,,,,,,,,,,,,,,,True,excluded_category,Friday only floral
Safeway_2026-06-17_safeway_6-17_-_6-23,Albertsons,Safeway,bay_area,,2026-06-17,2026-06-23,manifest,high,safeway 6-17 - 6-23.pdf,5,0,"Coca-Cola, Pepsi or 7UP Mini Cans 6 pk., 7.5 oz. cans Member Price 8.99 +CRV","Coca-Cola, Pepsi or 7UP Mini Cans","Coca-Cola, Pepsi, 7UP","Mini Cans 6 pk., 7.5 oz. cans",8.99 Member Price,8.99,"6 pk., 7.5 oz. cans",6.0,6.0,count,per_pack,Member Price,member_price,full_week,promo_price,,standard_grid_offer,0.02,0.19,0.19,0.29,0.98,0.99,0.99,0.98,0.98,False,False,,False,,,,,,,,,,,,,,,,,,,,,,,,False,,"Visible price, product, and package size."
Safeway_2026-06-17_safeway_6-17_-_6-23,Albertsons,Safeway,bay_area,,2026-06-17,2026-06-23,manifest,high,safeway 6-17 - 6-23.pdf,5,1,"Monster Energy Drinks 4 pk., 16 oz. cans BUY 2 GET 1 FREE Member Price",Monster Energy Drinks,Monster,"Energy Drinks 4 pk., 16 oz. cans",BUY 2 GET 1 FREE Member Price,,"4 pk., 16 oz. cans",4.0,4.0,count,bogo,BUY 2 GET 1 FREE Member Price,buy_x_get_y,full_week,promo_price,,standard_grid_offer,0.21,0.19,0.36,0.29,0.97,0.99,0.7,0.98,0.99,False,False,,False,,,,,,,,,,,,,,,,,,,,,,,,True,missing_or_unclear_price,BOGO offer with clear product and package size.
Safeway_2026-06-17_safeway_6-17_-_6-23,Albertsons,Safeway,bay_area,,2026-06-17,2026-06-23,manifest,high,safeway 6-17 - 6-23.pdf,5,2,"Gatorade or Gatorade Zero 8 pk., 20 oz. bottles BUY 2 GET 1 FREE Member Price",Gatorade or Gatorade Zero,Gatorade,"8 pk., 20 oz. bottles",BUY 2 GET 1 FREE Member Price,,"8 pk., 20 oz. bottles",8.0,8.0,count,bogo,BUY 2 GET 1 FREE Member Price,buy_x_get_y,full_week,promo_price,,standard_grid_offer,0.38,0.19,0.53,0.29,0.97,0.99,0.7,0.98,0.99,False,False,,False,,,,,,,,,,,,,,,,,,,,,,,,True,missing_or_unclear_price,BOGO offer with clear product and package size.
Safeway_2026-06-17_safeway_6-17_-_6-23,Albertsons,Safeway,bay_area,,2026-06-17,2026-06-23,manifest,high,safeway 6-17 - 6-23.pdf,5,3,Simply or Simply Light Orange Juice 52 oz. Every Day 5.99 ea,Simply or Simply Light Orange Juice,Simply,Orange Juice 52 oz.,5.99 ea Every Day,5.99,52 oz.,52.0,52.0,oz,each,Every Day,everyday_price,full_week,baseline_candidate,,standard_grid_offer,0.55,0.19,0.68,0.29,0.98,0.99,0.99,0.99,0.98,False,False,,False,,,,,,,,,,,,,,,,,,,,,,,,False,,Everyday price with clear product and package size.
Safeway_2026-06-17_safeway_6-17_-_6-23,Albertsons,Safeway,bay_area,,2026-06-17,2026-06-23,manifest,high,safeway 6-17 - 6-23.pdf,5,4,Odyssey Feta Cheese 8 oz. Selected varieties. 6.99 ea Member Price,Odyssey Feta Cheese,Odyssey,Feta Cheese 8 oz. Selected varieties.,6.99 ea Member Price,6.99,8 oz.,8.0,8.0,oz,each,Member Price,member_price,full_week,promo_price,,standard_grid_offer,0.68,0.53,0.87,0.61,0.98,0.99,0.99,0.99,0.98,False,False,,False,,,,,,,,,,,,,,,,,,,,,,,,False,,Member price with clear product and package size.
Safeway_2026-06-17_safeway_6-17_-_6-23,Albertsons,Safeway,bay_area,,2026-06-17,2026-06-23,manifest,high,safeway 6-17 - 6-23.pdf,5,5,Marieke Gouda 5 oz. Selected varieties. 7.99 ea Member Price,Marieke Gouda,Marieke,Gouda 5 oz. Selected varieties.,7.99 ea Member Price,7.99,5 oz.,5.0,5.0,oz,each,Member Price,member_price,full_week,promo_price,,standard_grid_offer,0.68,0.62,0.87,0.7,0.98,0.99,0.99,0.99,0.98,False,False,,False,,,,,,,,,,,,,,,,,,,,,,,,False,,Member price with clear product and package size.
Safeway_2026-06-17_safeway_6-17_-_6-23,Albertsons,Safeway,bay_area,,2026-06-17,2026-06-23,manifest,high,safeway 6-17 - 6-23.pdf,5,6,Gatorade 28 oz. Selected varieties. BUY 10 GET 5 FREE EQUAL OR LESSER VALUE MEMBER PRICE WHEN YOU BUY 15 EARN 4X POINTS,Gatorade,Gatorade,28 oz. Selected varieties.,BUY 10 GET 5 FREE MEMBER PRICE WHEN YOU BUY 15,,28 oz.,28.0,28.0,oz,bogo,BUY 10 GET 5 FREE EQUAL OR LESSER VALUE MEMBER PRICE WHEN YOU BUY 15 EARN 4X POINTS,buy_x_get_y,full_week,promo_price,Valid thru 9/9/24,points_promo_block,0.01,0.81,0.99,0.97,0.99,0.99,0.7,0.99,0.99,True,False,,False,,,,,,,,,,,,,,,,,,,,,,,,True,missing_or_unclear_price,BOGO offer with points badge and clear product/size.
Safeway_2026-06-17_safeway_6-17_-_6-23,Albertsons,Safeway,bay_area,,2026-06-17,2026-06-23,manifest,high,safeway 6-17 - 6-23.pdf,6,0,Kellogg's Large Size Cereal 12.3 to 18 oz. Kashi Cereal 12.3 to 16.3 oz. Selected varieties. Limit 4 items.,Kellogg's Large Size Cereal 12.3 to 18 oz. Kashi Cereal 12.3 to 16.3 oz.,"Kellogg's, Kashi","Large Size Cereal, Selected varieties",3.49 Member Price,3.49,"12.3 to 18 oz, 12.3 to 16.3 oz",12.3,18.0,oz,each,"Member Price, Limit 4 items, Digital Coupon, 4X Points",member_price,full_week,promo_price,"Prices on this page are effective Wednesday, Jun 17 thru Tuesday, June 23, 2026 (unless otherwise noted).",standard_grid_offer,0.05,0.32,0.95,0.52,0.98,0.98,0.98,0.95,0.95,True,False,,False,,,,,,,,,,,,,,,,,,,,,,,,False,,Clear cereal offer with member price and package size range.
Safeway_2026-06-17_safeway_6-17_-_6-23,Albertsons,Safeway,bay_area,,2026-06-17,2026-06-23,manifest,high,safeway 6-17 - 6-23.pdf,6,1,Pringles Chips or Cheez-It Crackers 12-14 oz. Kellogg's Rice Krispies Treats 10.9 to 12.4 oz. Nutri Grain Bars 1st. Selected varieties.,Pringles Chips or Cheez-It Crackers 12-14 oz. Kellogg's Rice Krispies Treats 10.9 to 12.4 oz. Nutri Grain Bars 1st.,"Pringles, Cheez-It, Kellogg's, Nutri Grain","Chips, Crackers, Rice Krispies Treats, Bars, Selected varieties",4.99 Member Price,4.99,"12-14 oz, 10.9 to 12.4 oz",10.9,14.0,oz,each,"Member Price, Digital Coupon",member_price,full_week,promo_price,"Prices on this page are effective Wednesday, Jun 17 thru Tuesday, June 23, 2026 (unless otherwise noted).",standard_grid_offer,0.05,0.54,0.95,0.72,0.97,0.97,0.97,0.93,0.95,False,False,,False,,,,,,,,,,,,,,,,,,,,,,,,False,,Multi-product snack offer with member price and package size range.
Safeway_2026-06-17_safeway_6-17_-_6-23,Albertsons,Safeway,bay_area,,2026-06-17,2026-06-23,manifest,high,safeway 6-17 - 6-23.pdf,7,1,Laughing Cow Cheese Wedges 2 for $7 Member Price,Laughing Cow Cheese Wedges,Laughing Cow,Cheese Wedges,2 for $7 Member Price,7.0,,,,,multi_buy,Member Price,multi_buy,full_week,promo_price,,standard_grid_offer,0.01,0.01,0.33,0.32,0.98,0.98,0.98,0.5,0.98,False,False,,False,,,,,,,,,,,,,,,,,,,,,,,,True,missing_package_size,clear product and price
Safeway_2026-06-17_safeway_6-17_-_6-23,Albertsons,Safeway,bay_area,,2026-06-17,2026-06-23,manifest,high,safeway 6-17 - 6-23.pdf,7,2,Happy Egg Free Range Eggs 12 ct $7.49 Member Price,Happy Egg Free Range Eggs 12 ct,Happy Egg,Free Range Eggs,$7.49 Member Price,7.49,12 ct,12.0,12.0,ct,per_pack,Member Price; Earn 4X Points,member_price,full_week,promo_price,,standard_grid_offer,0.34,0.01,0.66,0.32,0.99,0.99,0.99,0.99,0.99,True,False,,False,,,,,,,,,,,,,,,,,,,,,,,,False,,clear product and price
Safeway_2026-06-17_safeway_6-17_-_6-23,Albertsons,Safeway,bay_area,,2026-06-17,2026-06-23,manifest,high,safeway 6-17 - 6-23.pdf,7,3,Starbucks Creamer 28 oz $3.99 ea Member Price,Starbucks Creamer 28 oz,Starbucks,Creamer,$3.99 ea Member Price,3.99,28 oz,28.0,28.0,oz,per_pack,Member Price,member_price,full_week,promo_price,,standard_grid_offer,0.01,0.33,0.33,0.49,0.99,0.99,0.99,0.99,0.99,False,False,,False,,,,,,,,,,,,,,,,,,,,,,,,False,,clear product and price
Safeway_2026-06-17_safeway_6-17_-_6-23,Albertsons,Safeway,bay_area,,2026-06-17,2026-06-23,manifest,high,safeway 6-17 - 6-23.pdf,7,4,Land O Lakes Butter Selected varieties 15-16 oz $3.49 Member Price,Land O Lakes Butter Selected varieties 15-16 oz,Land O Lakes,Butter Selected varieties,$3.49 Member Price,3.49,15-16 oz,15.0,16.0,oz,per_pack,Member Price,member_price,full_week,promo_price,,standard_grid_offer,0.34,0.33,0.66,0.49,0.99,0.99,0.99,0.99,0.99,False,False,,False,,,,,,,,,,,,,,,,,,,,,,,,False,,clear product and price
Safeway_2026-06-17_safeway_6-17_-_6-23,Albertsons,Safeway,bay_area,,2026-06-17,2026-06-23,manifest,high,safeway 6-17 - 6-23.pdf,7,5,Lifeway Kefir 32 oz $3.99 Member Price,Lifeway Kefir 32 oz,Lifeway,Kefir,$3.99 Member Price,3.99,32 oz,32.0,32.0,oz,per_pack,Member Price,member_price,full_week,promo_price,,standard_grid_offer,0.01,0.5,0.33,0.66,0.98,0.98,0.98,0.98,0.98,False,False,,False,,,,,,,,,,,,,,,,,,,,,,,,False,,clear product and price
Safeway_2026-06-17_safeway_6-17_-_6-23,Albertsons,Safeway,bay_area,,2026-06-17,2026-06-23,manifest,high,safeway 6-17 - 6-23.pdf,7,6,Noosa Yoghurt 4.5-5.8 oz 2 for $4 Member Price,Noosa Yoghurt 4.5-5.8 oz,Noosa,Yoghurt,2 for $4 Member Price,4.0,4.5-5.8 oz,4.5,5.8,oz,multi_buy,Member Price,multi_buy,full_week,promo_price,,standard_grid_offer,0.34,0.5,0.66,0.66,0.99,0.99,0.99,0.99,0.99,False,False,,False,,,,,,,,,,,,,,,,,,,,,,,,False,,clear product and price
Safeway_2026-06-17_safeway_6-17_-_6-23,Albertsons,Safeway,bay_area,,2026-06-17,2026-06-23,manifest,high,safeway 6-17 - 6-23.pdf,7,7,Califia Farms Almondmilk or Oatmilk 48 oz $3.99 Member Price,Califia Farms Almondmilk or Oatmilk 48 oz,Califia Farms,Almondmilk or Oatmilk,$3.99 Member Price,3.99,48 oz,48.0,48.0,oz,per_pack,Member Price,member_price,full_week,promo_price,,standard_grid_offer,0.01,0.67,0.33,0.83,0.99,0.99,0.99,0.99,0.99,False,False,,False,,,,,,,,,,,,,,,,,,,,,,,,False,,clear product and price
Safeway_2026-06-17_safeway_6-17_-_6-23,Albertsons,Safeway,bay_area,,2026-06-17,2026-06-23,manifest,high,safeway 6-17 - 6-23.pdf,7,8,Shamrock Rockin' Protein Milk 12 fl oz $3.99 Member Price,Shamrock Rockin' Protein Milk 12 fl oz,Shamrock,Rockin' Protein Milk,$3.99 Member Price,3.99,12 fl oz,12.0,12.0,fl oz,per_pack,Member Price; Earn 4X Points,member_price,full_week,promo_price,,standard_grid_offer,0.34,0.67,0.66,0.83,0.99,0.99,0.99,0.99,0.99,True,False,,False,,,,,,,,,,,,,,,,,,,,,,,,False,,clear product and price
Safeway_2026-06-17_safeway_6-17_-_6-23,Albertsons,Safeway,bay_area,,2026-06-17,2026-06-23,manifest,high,safeway 6-17 - 6-23.pdf,8,0,Chobani Zero Sugar Yogurt 4-5.3 oz. Selected varieties. Member Price 3.49,Chobani Zero Sugar Yogurt,Chobani,"Zero Sugar Yogurt, Selected varieties",3.49 Member Price,3.49,4-5.3 oz,4.0,5.3,oz,each,Member Price 4X Points,member_price,full_week,promo_price,,standard_grid_offer,0.05,0.18,0.48,0.37,0.98,0.99,0.99,0.98,0.95,True,False,,False,,,,,,,,,,,,,,,,,,,,,,,,False,,"clear offer card with price, size, and product name"
Safeway_2026-06-17_safeway_6-17_-_6-23,Albertsons,Safeway,bay_area,,2026-06-17,2026-06-23,manifest,high,safeway 6-17 - 6-23.pdf,8,1,FarmRich Appetizers 15.25-28 oz. Selected varieties. Member Price 6.99,FarmRich Appetizers,FarmRich,"Appetizers, Selected varieties",6.99 Member Price,6.99,15.25-28 oz,15.25,28.0,oz,each,Member Price,member_price,full_week,promo_price,,standard_grid_offer,0.52,0.18,0.95,0.37,0.97,0.98,0.98,0.97,0.95,False,False,,False,,,,,,,,,,,,,,,,,,,,,,,,False,,"clear offer card with price, size, and product name"
Safeway_2026-06-17_safeway_6-17_-_6-23,Albertsons,Safeway,bay_area,,2026-06-17,2026-06-23,manifest,high,safeway 6-17 - 6-23.pdf,8,2,Rustic Bakery Bites Selected varieties. 4 oz. Member Price 4.49,Rustic Bakery Bites,Rustic Bakery,"Bites, Selected varieties",4.49 Member Price,4.49,4 oz,4.0,4.0,oz,each,Member Price,member_price,full_week,promo_price,,standard_grid_offer,0.01,0.67,0.13,0.77,0.97,0.98,0.98,0.98,0.95,False,False,,False,,,,,,,,,,,,,,,,,,,,,,,,False,,"clear offer card with price, size, and product name"
Safeway_2026-06-17_safeway_6-17_-_6-23,Albertsons,Safeway,bay_area,,2026-06-17,2026-06-23,manifest,high,safeway 6-17 - 6-23.pdf,8,3,Danish Creamery Butter 16 oz. Selected varieties. Member Price 3.99,Danish Creamery Butter,Danish Creamery,"Butter, Selected varieties",3.99 Member Price,3.99,16 oz,16.0,16.0,oz,each,Member Price,member_price,full_week,promo_price,,standard_grid_offer,0.14,0.67,0.26,0.77,0.97,0.98,0.98,0.98,0.95,False,False,,False,,,,,,,,,,,,,,,,,,,,,,,,False,,"clear offer card with price, size, and product name"
Safeway_2026-06-17_safeway_6-17_-_6-23,Albertsons,Safeway,bay_area,,2026-06-17,2026-06-23,manifest,high,safeway 6-17 - 6-23.pdf,8,4,Lifeway Organic Kefir 32 oz. Selected varieties. Member Price 4.99,Lifeway Organic Kefir,Lifeway,"Organic Kefir, Selected varieties",4.99 Member Price,4.99,32 oz,32.0,32.0,oz,each,Member Price,member_price,full_week,promo_price,,standard_grid_offer,0.27,0.67,0.39,0.77,0.97,0.98,0.98,0.98,0.95,False,False,,False,,,,,,,,,,,,,,,,,,,,,,,,False,,"clear offer card with price, size, and product name"
Safeway_2026-06-17_safeway_6-17_-_6-23,Albertsons,Safeway,bay_area,,2026-06-17,2026-06-23,manifest,high,safeway 6-17 - 6-23.pdf,8,5,Boudin Sourdough Bread 24 oz. Selected varieties. Member Price 5.99,Boudin Sourdough Bread,Boudin,"Sourdough Bread, Selected varieties",5.99 Member Price,5.99,24 oz,24.0,24.0,oz,each,Member Price 4X Points,member_price,full_week,promo_price,,standard_grid_offer,0.01,0.78,0.13,0.88,0.97,0.98,0.98,0.98,0.95,True,False,,False,,,,,,,,,,,,,,,,,,,,,,,,False,,"clear offer card with price, size, and product name"
Safeway_2026-06-17_safeway_6-17_-_6-23,Albertsons,Safeway,bay_area,,2026-06-17,2026-06-23,manifest,high,safeway 6-17 - 6-23.pdf,8,6,Home Run Inn Deep Dish Pizza 27-31.5 oz. Selected varieties. Digital Coupon Final Price 5.99,Home Run Inn Deep Dish Pizza,Home Run Inn,"Deep Dish Pizza, Selected varieties",5.99 Digital Coupon Final Price,5.99,27-31.5 oz,27.0,31.5,oz,each,Digital Coupon Final Price,digital_coupon,full_week,promo_price,,coupon_grid_offer,0.14,0.78,0.26,0.88,0.97,0.98,0.98,0.98,0.95,False,False,,False,,,,,,,,,,,,,,,,,,,,,,,,False,,"clear offer card with price, size, and product name"
Safeway_2026-06-17_safeway_6-17_-_6-23,Albertsons,Safeway,bay_area,,2026-06-17,2026-06-23,manifest,high,safeway 6-17 - 6-23.pdf,8,7,Frito-Lay Variety Pack 18 ct. Selected varieties. Digital Coupon Final Price 8.99,Frito-Lay Variety Pack,Frito-Lay,"Variety Pack, Selected varieties",8.99 Digital Coupon Final Price,8.99,18 ct,18.0,18.0,ct,per_pack,Digital Coupon Final Price,digital_coupon,full_week,promo_price,,coupon_grid_offer,0.27,0.78,0.39,0.88,0.97,0.98,0.98,0.98,0.95,False,False,,False,,,,,,,,,,,,,,,,,,,,,,,,False,,"clear offer card with price, size, and product name"
Safeway_2026-06-17_safeway_6-17_-_6-23,Albertsons,Safeway,bay_area,,2026-06-17,2026-06-23,manifest,high,safeway 6-17 - 6-23.pdf,8,8,"Tostitos, Santitas or Sabra Selected varieties. 5-15.75 oz. Digital Coupon Final Price 4.99","Tostitos, Santitas or Sabra","Tostitos, Santitas, Sabra",Selected varieties,4.99 Digital Coupon Final Price,4.99,5-15.75 oz,5.0,15.75,oz,each,Digital Coupon Final Price; Earn 4X Points,digital_coupon,full_week,promo_price,,coupon_grid_offer,0.4,0.78,0.52,0.88,0.97,0.98,0.98,0.98,0.95,True,False,,False,,,,,,,,,,,,,,,,,,,,,,,,False,,"clear offer card with price, size, and product name"
Safeway_2026-06-17_safeway_6-17_-_6-23,Albertsons,Safeway,bay_area,,2026-06-17,2026-06-23,manifest,high,safeway 6-17 - 6-23.pdf,9,0,"Shampoo or Conditioner Pantene, Head & Shoulders or Herbal Essences 10.1 to 13.5 oz 5.99 Member Price 4X Points","Shampoo or Conditioner Pantene, Head & Shoulders or Herbal Essences","Pantene, Head & Shoulders, Herbal Essences",Shampoo or Conditioner,5.99 Member Price,5.99,10.1 to 13.5 oz,10.1,13.5,oz,each,4X Points,member_price,full_week,promo_price,,points_promo_block,0.03,0.04,0.19,0.16,0.98,0.98,0.98,0.98,0.98,True,False,,False,,,,,,,,,,,,,,,,,,,,,,,,False,,clear offer with member price and points
Safeway_2026-06-17_safeway_6-17_-_6-23,Albertsons,Safeway,bay_area,,2026-06-17,2026-06-23,manifest,high,safeway 6-17 - 6-23.pdf,9,1,TRESemmé Hair Care 28 oz 7.99 Member Price 4X Points,TRESemmé Hair Care,TRESemmé,Hair Care,7.99 Member Price,7.99,28 oz,28.0,28.0,oz,each,4X Points,member_price,full_week,promo_price,,points_promo_block,0.2,0.04,0.29,0.16,0.98,0.98,0.98,0.98,0.98,True,False,,False,,,,,,,,,,,,,,,,,,,,,,,,False,,clear offer with member price and points
Safeway_2026-06-17_safeway_6-17_-_6-23,Albertsons,Safeway,bay_area,,2026-06-17,2026-06-23,manifest,high,safeway 6-17 - 6-23.pdf,9,2,Secret or Old Spice Deodorant 2.4 to 3 oz 7.99 Member Price 4X Points,Secret or Old Spice Deodorant,"Secret, Old Spice",Deodorant,7.99 Member Price,7.99,2.4 to 3 oz,2.4,3.0,oz,each,4X Points,member_price,full_week,promo_price,,points_promo_block,0.3,0.04,0.39,0.16,0.98,0.98,0.98,0.98,0.98,True,False,,False,,,,,,,,,,,,,,,,,,,,,,,,False,,clear offer with member price and points
Safeway_2026-06-17_safeway_6-17_-_6-23,Albertsons,Safeway,bay_area,,2026-06-17,2026-06-23,manifest,high,safeway 6-17 - 6-23.pdf,9,3,Dove Shampoo or Conditioner 12 oz 6.99 Member Price 4X Points,Dove Shampoo or Conditioner,Dove,Shampoo or Conditioner,6.99 Member Price,6.99,12 oz,12.0,12.0,oz,each,4X Points,member_price,full_week,promo_price,,points_promo_block,0.03,0.17,0.12,0.25,0.98,0.98,0.98,0.98,0.98,True,False,,False,,,,,,,,,,,,,,,,,,,,,,,,False,,clear offer with member price and points
Safeway_2026-06-17_safeway_6-17_-_6-23,Albertsons,Safeway,bay_area,,2026-06-17,2026-06-23,manifest,high,safeway 6-17 - 6-23.pdf,9,4,Crest or Oral-B Toothpaste or Toothbrush 2.7 to 5.4 oz 8.99 Member Price 4X Points,Crest or Oral-B Toothpaste or Toothbrush,"Crest, Oral-B",Toothpaste or Toothbrush,8.99 Member Price,8.99,2.7 to 5.4 oz,2.7,5.4,oz,each,4X Points,member_price,full_week,promo_price,,points_promo_block,0.13,0.17,0.22,0.25,0.98,0.98,0.98,0.98,0.98,True,False,,False,,,,,,,,,,,,,,,,,,,,,,,,False,,clear offer with member price and points
Safeway_2026-06-17_safeway_6-17_-_6-23,Albertsons,Safeway,bay_area,,2026-06-17,2026-06-23,manifest,high,safeway 6-17 - 6-23.pdf,9,5,Harry's Cartridges 4 ct 10.99 Member Price 4X Points,Harry's Cartridges,Harry's,Cartridges,10.99 Member Price,10.99,4 ct,4.0,4.0,ct,per_pack,4X Points,member_price,full_week,promo_price,,points_promo_block,0.23,0.17,0.32,0.25,0.98,0.98,0.98,0.98,0.98,True,False,,False,,,,,,,,,,,,,,,,,,,,,,,,False,,clear offer with member price and points
Safeway_2026-06-17_safeway_6-17_-_6-23,Albertsons,Safeway,bay_area,,2026-06-17,2026-06-23,manifest,high,safeway 6-17 - 6-23.pdf,9,6,Colgate Total Toothpaste 4.8 oz 7.99 Member Price 4X Points,Colgate Total Toothpaste,Colgate,Total Toothpaste,7.99 Member Price,7.99,4.8 oz,4.8,4.8,oz,each,4X Points,member_price,full_week,promo_price,,points_promo_block,0.03,0.26,0.12,0.34,0.98,0.98,0.98,0.98,0.98,True,False,,False,,,,,,,,,,,,,,,,,,,,,,,,False,,clear offer with member price and points
Safeway_2026-06-17_safeway_6-17_-_6-23,Albertsons,Safeway,bay_area,,2026-06-17,2026-06-23,manifest,high,safeway 6-17 - 6-23.pdf,9,7,Coppertone Sunscreen 5 to 8 oz 11.99 Member Price 4X Points,Coppertone Sunscreen,Coppertone,Sunscreen,11.99 Member Price,11.99,5 to 8 oz,5.0,8.0,oz,each,4X Points,member_price,full_week,promo_price,,points_promo_block,0.13,0.26,0.22,0.34,0.98,0.98,0.98,0.98,0.98,True,False,,False,,,,,,,,,,,,,,,,,,,,,,,,False,,clear offer with member price and points
Safeway_2026-06-17_safeway_6-17_-_6-23,Albertsons,Safeway,bay_area,,2026-06-17,2026-06-23,manifest,high,safeway 6-17 - 6-23.pdf,9,8,Edge or Skintimate Shave Gel 6 oz 3.99 ea. DIGITAL COUPON 4.99 - 2.00 = 3.99,Edge or Skintimate Shave Gel,"Edge, Skintimate",Shave Gel,3.99 ea. DIGITAL COUPON 4.99 - 2.00 = 3.99,3.99,6 oz,6.0,6.0,oz,each,DIGITAL COUPON,digital_coupon,full_week,promo_price,,points_promo_block,0.23,0.26,0.32,0.34,0.98,0.98,0.98,0.98,0.98,False,False,,False,,,,,,,,,,,,,,,,,,,,,,,,False,,clear digital coupon offer
Safeway_2026-06-17_safeway_6-17_-_6-23,Albertsons,Safeway,bay_area,,2026-06-17,2026-06-23,manifest,high,safeway 6-17 - 6-23.pdf,9,9,Hawaiian Tropic Sunscreen 6 to 8 oz 9.99 ea. DIGITAL COUPON 11.99 - 2.00 = 9.99,Hawaiian Tropic Sunscreen,Hawaiian Tropic,Sunscreen,9.99 ea. DIGITAL COUPON 11.99 - 2.00 = 9.99,9.99,6 to 8 oz,6.0,8.0,oz,each,DIGITAL COUPON,digital_coupon,full_week,promo_price,,points_promo_block,0.33,0.26,0.42,0.34,0.98,0.98,0.98,0.98,0.98,False,False,,False,,,,,,,,,,,,,,,,,,,,,,,,False,,clear digital coupon offer
Safeway_2026-06-17_safeway_6-17_-_6-23,Albertsons,Safeway,bay_area,,2026-06-17,2026-06-23,manifest,high,safeway 6-17 - 6-23.pdf,9,10,Signature SELECT Facial Tissue 65 to 160 ct 2/$5 Member Price,Signature SELECT Facial Tissue,Signature SELECT,Facial Tissue,2/$5 Member Price,2.5,65 to 160 ct,65.0,160.0,ct,multi_buy,,multi_buy,full_week,promo_price,,standard_grid_offer,0.03,0.38,0.12,0.46,0.97,0.97,0.97,0.97,0.97,False,False,,False,,,,,,,,,,,,,,,,,,,,,,,,False,,clear multi-buy offer
Safeway_2026-06-17_safeway_6-17_-_6-23,Albertsons,Safeway,bay_area,,2026-06-17,2026-06-23,manifest,high,safeway 6-17 - 6-23.pdf,9,11,Clorox Disinfecting Wipes 75 ct 6.99 Member Price,Clorox Disinfecting Wipes,Clorox,Disinfecting Wipes,6.99 Member Price,6.99,75 ct,75.0,75.0,ct,each,,member_price,full_week,promo_price,,standard_grid_offer,0.13,0.38,0.22,0.46,0.97,0.97,0.97,0.97,0.97,False,False,,False,,,,,,,,,,,,,,,,,,,,,,,,False,,clear member price offer
Safeway_2026-06-17_safeway_6-17_-_6-23,Albertsons,Safeway,bay_area,,2026-06-17,2026-06-23,manifest,high,safeway 6-17 - 6-23.pdf,9,12,Febreze Air Mist 8.8 oz 3.99 Member Price,Febreze Air Mist,Febreze,Air Mist,3.99 Member Price,3.99,8.8 oz,8.8,8.8,oz,each,,member_price,full_week,promo_price,,standard_grid_offer,0.23,0.38,0.32,0.46,0.97,0.97,0.97,0.97,0.97,False,False,,False,,,,,,,,,,,,,,,,,,,,,,,,False,,clear member price offer
Safeway_2026-06-17_safeway_6-17_-_6-23,Albertsons,Safeway,bay_area,,2026-06-17,2026-06-23,manifest,high,safeway 6-17 - 6-23.pdf,10,1,Wrigley's Extra Gum Selected Varieties 15 ct 1.99 Member Price,Wrigley's Extra Gum Selected Varieties,Wrigley's Extra,Gum Selected Varieties,1.99 Member Price,1.99,15 ct,15.0,15.0,ct,per_pack,Member Price,member_price,full_week,promo_price,,standard_grid_offer,0.03,0.05,0.18,0.13,0.98,0.99,0.99,0.99,0.99,False,False,,False,,,,,,,,,,,,,,,,,,,,,,,,False,,Clear candy offer with price and size
Safeway_2026-06-17_safeway_6-17_-_6-23,Albertsons,Safeway,bay_area,,2026-06-17,2026-06-23,manifest,high,safeway 6-17 - 6-23.pdf,10,2,Mars Share Size or Minis 2.35-3.27 oz 2 for $6 Member Price,Mars Share Size or Minis,Mars,Share Size or Minis,2 for $6 Member Price,6.0,2.35-3.27 oz,2.35,3.27,oz,multi_buy,2 for $6 Member Price,multi_buy,full_week,promo_price,,standard_grid_offer,0.19,0.05,0.34,0.13,0.98,0.98,0.99,0.98,0.98,False,False,,False,,,,,,,,,,,,,,,,,,,,,,,,False,,Multi-buy candy offer with clear size
Safeway_2026-06-17_safeway_6-17_-_6-23,Albertsons,Safeway,bay_area,,2026-06-17,2026-06-23,manifest,high,safeway 6-17 - 6-23.pdf,10,3,Peelz Mandarins 3 lb bag 3.49 Member Price,Peelz Mandarins,Peelz,Mandarins,3.49 Member Price,3.49,3 lb bag,3.0,3.0,lb,per_pack,Member Price,member_price,full_week,promo_price,,standard_grid_offer,0.35,0.05,0.48,0.13,0.97,0.97,0.98,0.97,0.97,False,False,,False,,,,,,,,,,,,,,,,,,,,,,,,False,,Produce offer with clear price and size
Safeway_2026-06-17_safeway_6-17_-_6-23,Albertsons,Safeway,bay_area,,2026-06-17,2026-06-23,manifest,high,safeway 6-17 - 6-23.pdf,10,4,Softsoap Liquid Hand Soap 7.5-11.25 oz 2 for $4 Member Price,Softsoap Liquid Hand Soap,Softsoap,Liquid Hand Soap,2 for $4 Member Price,4.0,7.5-11.25 oz,7.5,11.25,oz,multi_buy,2 for $4 Member Price,multi_buy,full_week,promo_price,,standard_grid_offer,0.75,0.05,0.97,0.13,0.98,0.99,0.99,0.98,0.99,False,False,,False,,,,,,,,,,,,,,,,,,,,,,,,False,,Bath & Beauty offer with multi-buy price
Safeway_2026-06-17_safeway_6-17_-_6-23,Albertsons,Safeway,bay_area,,2026-06-17,2026-06-23,manifest,high,safeway 6-17 - 6-23.pdf,10,5,Jolly Rancher or Rolo Peg Candy 6.3-7 oz 4.99 Member Price,Jolly Rancher or Rolo Peg Candy,"Jolly Rancher, Rolo",Peg Candy,4.99 Member Price,4.99,6.3-7 oz,6.3,7.0,oz,per_pack,Member Price,member_price,full_week,promo_price,,standard_grid_offer,0.03,0.14,0.18,0.22,0.97,0.97,0.98,0.97,0.97,False,False,,False,,,,,,,,,,,,,,,,,,,,,,,,False,,Peg candy offer with clear price and size
Safeway_2026-06-17_safeway_6-17_-_6-23,Albertsons,Safeway,bay_area,,2026-06-17,2026-06-23,manifest,high,safeway 6-17 - 6-23.pdf,10,6,Hershey Bar Share Size 4.25-4.4 oz 6.99 Member Price,Hershey Bar Share Size,Hershey,Bar Share Size,6.99 Member Price,6.99,4.25-4.4 oz,4.25,4.4,oz,per_pack,Member Price,member_price,full_week,promo_price,,standard_grid_offer,0.19,0.14,0.34,0.22,0.97,0.97,0.98,0.97,0.97,False,False,,False,,,,,,,,,,,,,,,,,,,,,,,,False,,Chocolate bar offer with clear price and size
Safeway_2026-06-17_safeway_6-17_-_6-23,Albertsons,Safeway,bay_area,,2026-06-17,2026-06-23,manifest,high,safeway 6-17 - 6-23.pdf,10,7,Hershey Miniatures or Reese's Miniatures 10.4-10.5 oz 7.99 Member Price,Hershey Miniatures or Reese's Miniatures,"Hershey, Reese's",Miniatures,7.99 Member Price,7.99,10.4-10.5 oz,10.4,10.5,oz,per_pack,Member Price,member_price,full_week,promo_price,,standard_grid_offer,0.35,0.14,0.48,0.22,0.97,0.97,0.98,0.97,0.97,False,False,,False,,,,,,,,,,,,,,,,,,,,,,,,False,,Miniatures offer with clear price and size
Safeway_2026-06-17_safeway_6-17_-_6-23,Albertsons,Safeway,bay_area,,2026-06-17,2026-06-23,manifest,high,safeway 6-17 - 6-23.pdf,10,8,GUM Flossers or Soft-Picks 60-90 ct 2 for $6 Member Price,GUM Flossers or Soft-Picks,GUM,Flossers or Soft-Picks,2 for $6 Member Price,6.0,60-90 ct,60.0,90.0,ct,multi_buy,2 for $6 Member Price,multi_buy,full_week,promo_price,,standard_grid_offer,0.75,0.14,0.97,0.22,0.97,0.98,0.98,0.98,0.98,False,False,,False,,,,,,,,,,,,,,,,,,,,,,,,False,,Oral care offer with multi-buy price
Safeway_2026-06-17_safeway_6-17_-_6-23,Albertsons,Safeway,bay_area,,2026-06-17,2026-06-23,manifest,high,safeway 6-17 - 6-23.pdf,10,9,Sour Patch Kids or Swedish Fish 8-14 oz 8.99 Member Price,Sour Patch Kids or Swedish Fish,"Sour Patch Kids, Swedish Fish",Candy,8.99 Member Price,8.99,8-14 oz,8.0,14.0,oz,per_pack,Member Price,member_price,full_week,promo_price,,standard_grid_offer,0.03,0.23,0.18,0.31,0.97,0.97,0.98,0.97,0.97,False,False,,False,,,,,,,,,,,,,,,,,,,,,,,,False,,Candy offer with clear price and size
Safeway_2026-06-17_safeway_6-17_-_6-23,Albertsons,Safeway,bay_area,,2026-06-17,2026-06-23,manifest,high,safeway 6-17 - 6-23.pdf,10,10,M&M's Family Size 18.4-19.2 oz 10.99 Member Price,M&M's Family Size,M&M's,Family Size,10.99 Member Price,10.99,18.4-19.2 oz,18.4,19.2,oz,per_pack,Member Price,member_price,full_week,promo_price,,standard_grid_offer,0.19,0.23,0.34,0.31,0.97,0.97,0.98,0.97,0.97,False,False,,False,,,,,,,,,,,,,,,,,,,,,,,,False,,Family size candy offer
Safeway_2026-06-17_safeway_6-17_-_6-23,Albertsons,Safeway,bay_area,,2026-06-17,2026-06-23,manifest,high,safeway 6-17 - 6-23.pdf,10,11,Lindt Truffles 15.2 oz 13.99 Member Price,Lindt Truffles,Lindt,Truffles,13.99 Member Price,13.99,15.2 oz,15.2,15.2,oz,per_pack,Member Price,member_price,full_week,promo_price,,standard_grid_offer,0.35,0.23,0.48,0.31,0.97,0.97,0.98,0.97,0.97,False,False,,False,,,,,,,,,,,,,,,,,,,,,,,,False,,Truffles offer with clear price and size
Safeway_2026-06-17_safeway_6-17_-_6-23,Albertsons,Safeway,bay_area,,2026-06-17,2026-06-23,manifest,high,safeway 6-17 - 6-23.pdf,10,12,Listerine Mouthwash 1.5 L Selected varieties 9.99 Member Price,Listerine Mouthwash,Listerine,Mouthwash Selected varieties,9.99 Member Price,9.99,1.5 L,1.5,1.5,L,per_pack,Member Price,member_price,full_week,promo_price,,standard_grid_offer,0.75,0.23,0.97,0.31,0.97,0.98,0.98,0.98,0.98,False,False,,False,,,,,,,,,,,,,,,,,,,,,,,,False,,Mouthwash offer with clear price and size
